Enhancer	Number_of_Barcodes	Type_of_Match
AAAACGAAAGTAGTTCCTGATTACAAATTCCCGCAGTAAGCATTTCCATAAATAGGCAACCACATAG	17	EXACT_MATCH
AAAAGGAATCTGATTTATCTGGCATCGCCTCCAGCTGTGTTCGTCTTCTCTTCCTAATCTCCTGGATGT	1	EXACT_MATCH
AAAGTCATACGATGGATGACATGCTCCGCAACTGCGGAAATCCGTGGTCACACGGAAGTCAAGCGTC	1	EXACT_MATCH
AAATAGTGATGACGTGTCACCTGTCCCACACACAGCTGCTGAACGGAAAAATGGAAGACAAGATGCTG	2	EXACT_MATCH
AACCCGGATGTCTCGGCCTTATTCCTTTGAACTGCGGCCGGTGACCCTTTGGATCCTGAATCCGTTT	6	EXACT_MATCH
AACCGCAGGAAGTCCGCTCTAAATGTTCTCACTGCGGTTAATTCCTCTAGACCTCTAACTTATCATA	3	EXACT_MATCH
AACTTACTTCCTTGCTTTGAGGATATTTCTCACAGCTGCAGCTTCCTTCAAGGTTTGTTTCGTTTTCT	8	EXACT_MATCH
AACTTCCTGTGCAGCCTCGCTCTCTTGTTTCACAGCTGCTGTTGGCTGGGTATCCTTTGTTTCTTCAG	9	EXACT_MATCH
AAGGATCTTGTTAAAATCGTGTATTGTTTAACTGCGGTACAGGAATTCTGGGTTATTTATGTAATTT	3	EXACT_MATCH
AATGACCTTACTGAGAAGATCCAGAACCTCCACAGCTGAGTGCGACACTCCCCAATCCAAAACAGCAT	9	EXACT_MATCH
AATGTAGTTTGCTATTTCCATGCCACGTTACCGCAGTGGTGAATTCCTGCGATGCAAGATTAAAATC	4	EXACT_MATCH
AATTCTCAAAGACAAACGAAGGAATAACCACCAGCTGTGCAATTCCAGCATTCCCTGTCGTTACATAAC	1	EXACT_MATCH
ACAGTTGCATGGTTGGCATGATCCACCATACACAGCTGGGTTTCCAAAGTAGCCGGATGCACACAGTT	8	EXACT_MATCH
ACGAACCTTTATAAACACTATTCAAACAAAACTGCGGAACCGGAACGGTGGATTTACCAAATGATTC	6	EXACT_MATCH
ACGACAAGGTTCCTCAAAAACGGAATTTTAACTGCGGCGGAATAAAAAATAATAATAATAACTTTTT	1	EXACT_MATCH
ACGGCATGTGGACTGAATCTAGGATTTAAACACAGCTGACAGGATATTCAACATAATCCATAACATTT	2	EXACT_MATCH
ACTTCCAAGGAAGCAATTTAGGAAATGTGACACAGCGGAAGAAACGCTGCATTGGTCAACGTTCTGTA	1	EXACT_MATCH
ACTTTTAATTCCATTTTTTCAGATGTAACTACTGCGGCTTCAAGGATGAATGGGGTGGTTTTGGAAG	16	EXACT_MATCH
AGACCGGATATAATTAATTTGCTTTCCTTTCACAGCTGTCTAACCGTGCACGAATGTCTGTAGAATCG	3	EXACT_MATCH
AGAGCAAGTCCGGGCATCCCACTTCCGCATCCAGCTGTGCTGAGATCCTCTCTGTGCTCTTCTTTAAAG	12	EXACT_MATCH
AGCTTCTGCGGGATTTCAGGCGTTGATCTCCCGCAGTGGGTTTATCCTTTCACCGCCGTTGTTCTGC	2	EXACT_MATCH
AGGAAAATCGGAATGCACAGACAGATAAAACACAGCTGTACCGGAAATGTCAGTATAAAAATAACAAA	4	EXACT_MATCH
AGGAATGATTGACAGTCCATGAAACTGTATCCGCAGTTACGCAGCATTCTTAATGTTCTTGGTTTCC	1	EXACT_MATCH
AGTGACTTATCCATGGTTGCCACTCCCATGCCCGCAGTCAGATTACTGGAGCTCTTGCAATGTGTGGAT	5	EXACT_MATCH
AGTGTAACTTCCTGTGTTTCATTTTCCTCCACTGCGGTATTCTCTTGTGTTTCCAAATTGTTTTGGT	3	EXACT_MATCH
ATAAGCAAGTACGAGGTGCGTGGAACAGAACAGCTGTGTTATAATGACTACCCCATCACACAAGGATA	3	EXACT_MATCH
ATACTGATCCGGATGAAATTTTGTGCTCCGGACTGCGGCAGGAGTTGGTACTCCTATATCAAAAGGTC	2	EXACT_MATCH
ATATCCAACATGCTCCGCAACCGCGTGGCAACTGCGGAGATCCATGGTCACACGGAAGTCAAGCGTG	9	EXACT_MATCH
ATCAAACCCGGAACCCATGAGGATATCAACGACTGCGGGACTTGGGAACTTGGTGACTGGGTAGCGAC	7	EXACT_MATCH
ATCCACACACTGCAATAGCTTCAGCAACTCGACTGCGGGCATGGGAGTGGCAACCATGGATAAGTCAC	14	EXACT_MATCH
ATGTTATGTTCTAACGGTATCCATCTCACACCGCAGTTCTATACACCATTCAGAATATAGCTGGAAT	9	EXACT_MATCH
ATTATGTTCTGAAAGGTGTCCCATCTTCCCCCGCAGTACTATTACCTGATGCTAGATCCAAAATACT	9	EXACT_MATCH
ATTTATTCCTACATTTCCCAAGGATCAAAAACTGCGGTTCAAAATGTTTGATGCACATCACATTGTT	7	EXACT_MATCH
CAAGCGTGGAAATTTCCTTCAGTTTTCTTGCACAGCTGAATAGTTGTTCTTTACTTTTAATATCATCCA	1	NOT_EXACT_MATCH
CAAGCGTGGAAATTTCCTTCAGTTTTCTTGCACAGCTGAATAGTTGTTCTTTACTTTTATATCATCCA	1	EXACT_MATCH
CAATGTTATGGAAAACAATTCCTGAACAAAACTGCGGAGATCGTGATGCACTCCACTTTTGCTCTGG	7	EXACT_MATCH
CACGCTTGACTTCCGTGTGACCATGGATCTCCGCAGTTGCCACGCGGTTGCGGAGCATGTTGGATAT	12	EXACT_MATCH
CACGGAACATCCGCCGGAACTCGACCCGGTACTGCGGGTTCAGGAACCCGTACAACAACGGGTTCAA	2	EXACT_MATCH
CAGGCACACAAGTGAGACAAAGGTTCCACAACTGCGGATTGCAACCGGATGCTGAATCACGACCTTG	10	EXACT_MATCH
CAGTTGCAAAGTAAGACATAGGAATATAGTACTGCGGGGTAAAATGGGATACTGTTTGAACCCAATT	9	EXACT_MATCH
CATTATTTGCTAACGGTATCCCATTTTACCCCGCAGTATTATATTCCATTATTCCCCAGCATTAATC	5	EXACT_MATCH
CCAACTATCCGATCCGATATCCGGAAAGAGCCCGCTGTGATTGGCTGATTCGGGCACCGAATGTTAATG	15	EXACT_MATCH
CCCATGGGAGCCTGGATTAGTGGAAAGTCCCACAGCGGGGTTAGGCATATACATTCTTTGGAAAATTAT	11	EXACT_MATCH
CCCATGGGAGCCTGGATTAGTGGAAATCCCACAGCGGGGTTAGGCATATACATTCTTTGGAAAATTAT	1	NOT_EXACT_MATCH
CCCCGGTATATTCACCGACAAATACGTAACGACTGCGGATCAAATTTCCATTCCTTCGCACATTTTTG	24	EXACT_MATCH
CCCCGGTATATTCACCGACAAATACGTAACGACTGCGGATCAAATTTCCATTCTTTCGCACATTTTTG	2	NOT_EXACT_MATCH
CCCGGTATATTCACCGACAAATACGTAACGACTGCGGATCAAATTTCCATTCCTTCGCACATTTTTG	2	NOT_EXACT_MATCH
CCGATGCCCGGAATATAAGCTCGCCGACTTCAGCTGTGGAAATTAACACAACATCGGGAATTGATATG	7	EXACT_MATCH
CGAAGTGGATCCAACCAGCCCAATAAATGACCGCAGTTGGTTCCTGGACCGTTGCATAAATCTCCCT	5	EXACT_MATCH
CGCGCCAGGGAAAACTGCCGGGAAAATACAACTGCGGACCAGATTTTTGTTTTTTACATGCCTGTTC	3	EXACT_MATCH
CTAATTTGCATACGGAACTTATCCTTATATCCGCAGTGGCTTTAAGAAAATTTTCACGGTTGTGCTT	2	EXACT_MATCH
CTCACTTACCAGTCCACTACATACAGAGAGCACAGCTGTGTGTTCCGGCCGTTCATTTACATATCCGG	12	EXACT_MATCH
CTGAAGATTTGAAATCCCATGGAAGTGAACCACAGCTGCCAACACTACAAGGATATGGAATATTTGGT	12	EXACT_MATCH
CTGAGAGGAATTTACTAGGTTTCTAGAAGACAGCTGTGACTTAATTCCTCTGTGGTTTTGTATTTGCC	2	EXACT_MATCH
CTTCAAACTTGTCCGAATCATCCGTTGTGTCCGCTGTGTCAATCGCTTCCAACTCCCAAACCTGAACG	7	EXACT_MATCH
CTTCAAACTTGTCCGAATCATCCGTTGTGTCCGCTGTGTCAATCGTTCCAACTCCCAAACCTGAACG	1	NOT_EXACT_MATCH
CTTCGTCTGATCCAGCAACGAAAGCGATCTGACTGCGGTCCTATCCCATCCTATGTCGTGACATGTTG	20	EXACT_MATCH
CTTCTTTACACAGAAGATGGTTTAGACTTCACTGCGGAACGAACCGGTGGAATAACTGCACATATCC	18	EXACT_MATCH
CTTTGATCCAGGCGAGGACTTTTGCTTCTCGACTGCGGGGAATTCCCAGAGTACTGTCGCTTGCTGTT	15	EXACT_MATCH
CTTTTGCAGATATTAATACTGGATGAGCCAACTGCGGGCATGGATCCCTATTCACGACATAAACTAT	23	EXACT_MATCH
CTTTTGCAGATATTAATACTGGATGAGCCAACTGCGGGCATGGATCCTTATTCACGACATAAACTAT	27	EXACT_MATCH
CTTTTGCAGATATTAATACTGGATGGAGCCAACTGCGGGCATGGATCCTTATTCACGACATAAACTAT	2	NOT_EXACT_MATCH
GAACTATGTGGTAACGGCATCCATCTTACCCCGCAGTATTATATCCTATTGTATAAATTGTAAGGGA	1	EXACT_MATCH
GAGAATCGGACTGAACAACATCCAGAAGGAACTGCGGTTGGACGAGCGGAAGTCTGACGTGTTCCAG	1	EXACT_MATCH
GAGTTACAGGCAGGTGCGCTAGCCAATTGGCCGCAGTGTCGCGGAAGTCTGGTTTCCATCAGCTACT	1	EXACT_MATCH
GCAATTAGTTTCCTTGTTTACGGAACAAACGACTGCGGGGGTGCGAATTGTGACGTCATCAATCAAAC	5	EXACT_MATCH
GCATCCTCTTGTCCTTCCAAAGGTGAAACACCGCAGTCTGCTATCATATCCAATTTGTCTTCGATTG	8	EXACT_MATCH
GCATCCTTTTTTAACAAGCAGCTATCTTTACCGCAGTCGTAACAATCCCCACACTGCAAGTGTGAAT	14	EXACT_MATCH
GCATCCTTTTTTAACAAGCAGCTATCTTTACCGCAGTCGTAACAATCCCTACACTGCAAGTGTGAAT	1	NOT_EXACT_MATCH
GCCATGGATTGCATGATAGCTGTAAGGAATGACTGCGGATTGAACAAACCACCGAGCCAAACAACATT	6	EXACT_MATCH
GCCTACATCCTACGACCCAAGGAATGCCACACTGCGGGACCTCACCCACATAGAATAGAATGGGTAT	17	EXACT_MATCH
GCGAAGGAAATGCGGGACTTTGATCAAAGACCGCTGTGAGCGTTGTCGCGCGTTTGGCCCAGGAAACT	1	EXACT_MATCH
GCGGGGGGGAATAGCCCGGGAGGAATGGTCACTGCGGGGAAATAGCCGGGGGGATAGTCACGGTGAG	2	EXACT_MATCH
GCGTCCAGTACTCCGATGCGTTTCCCAGTTCCGCAGTTGATGGTTCCAGTCGAATGTTCGCAGATTA	1	EXACT_MATCH
GCTTCTCCGGGTTAAACAACGGATGGTTGAACTGCGGGTCTGTCCCGTATACATCCAACACCCGTAA	2	EXACT_MATCH
GGTATACAAACAGACCGAATGCGGATATTGCCGCAGTTACATAAAACACAGTTTTCCAGTACGGGAG	14	EXACT_MATCH
GTTAAACGCCCCCATAATGCAGGGCCCTAGCCGCTGTGCTTTCCGGCCGCCGTTGCTCGTTTTTCCAT	6	EXACT_MATCH
GTTAGGGGTTTCCCCGCTTGGTTAGTTTTCACTGCGGGGGATTTCCTGAGTACGTCACGGAAATCTT	1	EXACT_MATCH
GTTCAGGATTGTCACTACAGCTAGAGTTCACCGCTGTGATACATTGGTAGCATCCATTGATAAGGTGC	2	EXACT_MATCH
GTTCAGGTTGTCACTACAGCTAGAGTTCACCGCTGTGATACATTGGTAGCATCCATTGATAAGGTGC	1	NOT_EXACT_MATCH
GTTGTTCCCCGATTGGGAAAGAGGAAGCAACAGCTGTGTTCTCCAAAGCTGAGTTAATCTAAAAAAAT	7	EXACT_MATCH
GTTTTGGATCTTCCATTAATAAATCATCAACCGCAGTGAGAATGTAACGAACAGTTTGTTCTTTTGA	2	EXACT_MATCH
GTTTTGGATCTTCTATTAATAAATCATCAACCGCAGTGAGAATGTAACGAACAGTTTGTTCTTTTGA	2	NOT_EXACT_MATCH
TAAAACACAATCAGGATATTCGGATATTGTGACTGCGGTACAGTCTGTTTCGAGATTATCCACGTGAC	3	EXACT_MATCH
TAAACGGTAATTAAACGGATTGGAAAGTTCACTGCGGGCACGGCAATCCAAACATACATTAAAATAT	6	EXACT_MATCH
TAATAATTATTGTGGAAACATTACCCAATTACTGCGGGATTACGGTTATCCAAAATAATTAAAACAA	3	EXACT_MATCH
TACAACCTATTTCCGGGATTCGAACCCAATACTGCGGATTACGTTTACAACAAATGGGAACCTAAGA	2	EXACT_MATCH
TATTATGTTCTAAAAGTGTCCCAACTTCCCCCGCAGTACTATACATACATTATTTCCGGCGATACCA	1	EXACT_MATCH
TATTTTTCCTCAGTGGAAATCCCGACATTACCGCAGTTATTTTTACCCGTACCATGGATGCCCGTAC	1	EXACT_MATCH
TATTTTTGACGGATAATCCGGCCCGGGTAACCGCAGTAACCTCAAGAATTTCGAGGTATTGAGTTCG	5	EXACT_MATCH
TCACAATCCTGTATTCCATCACAAAACTGTCCAGCTGTGAGGCATTTTCCGGATTTGCACCTGGGTTTT	2	EXACT_MATCH
TCCAGGATGATATCAACATCATCTCCCCATCCAGCTGTGTCTTCATCAATATCAACATCCGCAGCAAGT	4	EXACT_MATCH
TCCGAAAGCACGCAGCGTGCCGGATCACACACTGCGGCCTGGATAGCCGCGTGCTTGGGAGAAAGTC	2	EXACT_MATCH
TCTCTCCCGTGCATAAAGCGCGGAAGTTCTCCGCAGTTTTTGGGACGACGTCCTTACGTAATTCCAT	6	EXACT_MATCH
TGAAACGGTTTTCTTGTGCATGGATGGCTTCACAGCTGGGTCCTGTTGGGGAAAAAATTGTAAATGTT	3	EXACT_MATCH
TGCAGGAAGCACTAAAGCGTGGTGATCGCTCAGCTGTGAAATTTGACAAAGATCCTGTCGGAAATGCT	3	EXACT_MATCH
TGCCTCCGGGTGCTTTTAGGTATAAATGCTACTGCGGTAAAAGGATGAAACTTTAGATGGAAAATGC	1	EXACT_MATCH
TGTTTTTGGAAATTTGGACAAACTATATCCCCGCAGTAATTATGTAATGTTTGAAGTTAACATTATT	4	EXACT_MATCH
TTACATGATCTTCTAATAACGATCCACAACCACAGCGGTATGAAGACCGGAAGCCAGAGCATCCACAT	8	EXACT_MATCH
TTACTTTAAAGTGTAAACACTGGATGCTTACACAGCTGTGCGGCACCCTATGTTGCCATTGTGGATAT	1	NOT_EXACT_MATCH
TTACTTTAAAGTGTAAACACTGGATGCTTACACAGCTGTGCGGCGCCCTATGTTGCCATTGTGGATAT	16	EXACT_MATCH
TTATGATCCATAATAATTGCACCACATCCAACTGCGGTATCTGTTTCATGCTCTTATTCCCGGAAAC	4	EXACT_MATCH
TTGTTGTAACCACCAAGCTCCTACCTTTTACCGCTGTGTTGATCTTCCTGGATTGGCAAATTCAAGCT	4	EXACT_MATCH
TTGTTGTTACCACCAAGCTCCTACCTTTTACCGCTGTGTTGATCTTCCTGGATTGGCAAATTCAAGCT	12	EXACT_MATCH
TTGTTTCCAACAAGCAGGAATGGAATGCTACCAGCTGTGGTTGAGTCTACACCTTTCACTCGTAAGATT	11	EXACT_MATCH
TTTTACATTTATTTAAAATCCAAATTTTCCCACAGCTGAATGAAATTACAAAAAATAAAATAAATAAA	5	EXACT_MATCH
TTTTACTTGGCATTTCCGGATTACGCCGGTACTGCGGCACCGGTATCCCCCATGATTGCTTGCGTCA	5	EXACT_MATCH
TTTTGGGCCGGAAAATGTGTCTCACCGTTTGACTGCGGCACACACGGTACCGGTGACGCCATTTCCGG	1	EXACT_MATCH
