Barcode_Sequence	Barcode_Type	Enhancer_Sequence	Num_Barcode-Enhancer_Occurences	Total_Enhancer_Occurences	Type_of_Match
AAATTTCACAATGTCACCAGCATACTACGG	u	AAAACGAAAGTAGTTCCTGATTACAAATTCCCGCAGTAAGCATTTCCATAAATAGGCAACCACATAG	9862.0	123416.0	EXACT_MATCH
AATGAAAGAAAACAATTTCGAATAACAATA	u	AAAACGAAAGTAGTTCCTGATTACAAATTCCCGCAGTAAGCATTTCCATAAATAGGCAACCACATAG	5525.0	123416.0	EXACT_MATCH
ACAAAAAGAACCCGCGCGACGATGATCCCT	u	AAAACGAAAGTAGTTCCTGATTACAAATTCCCGCAGTAAGCATTTCCATAAATAGGCAACCACATAG	735.0	123416.0	EXACT_MATCH
ACAACCAATCGCGGGGCCGCGTAGACTCAG	u	AAAACGAAAGTAGTTCCTGATTACAAATTCCCGCAGTAAGCATTTCCATAAATAGGCAACCACATAG	10780.0	123416.0	EXACT_MATCH
ACATGCAATTCAACCAATCTTGCAGAAAAA	u	AAAACGAAAGTAGTTCCTGATTACAAATTCCCGCAGTAAGCATTTCCATAAATAGGCAACCACATAG	10495.0	123416.0	EXACT_MATCH
AGAAATAAACTCTAAATTCGATGAAAGCAA	u	AAAACGAAAGTAGTTCCTGATTACAAATTCCCGCAGTAAGCATTTCCATAAATAGGCAACCACATAG	14065.0	123416.0	EXACT_MATCH
AGGGGGACCAGGACCCCATAGACAGAGGAA	u	AAAACGAAAGTAGTTCCTGATTACAAATTCCCGCAGTAAGCATTTCCATAAATAGGCAACCACATAG	5314.0	123416.0	EXACT_MATCH
CATAATACAACCCGACGTTGAAGGACGATA	u	AAAACGAAAGTAGTTCCTGATTACAAATTCCCGCAGTAAGCATTTCCATAAATAGGCAACCACATAG	7864.0	123416.0	EXACT_MATCH
CATGAATTAGAGATCGTTCCAAAAACGGGA	u	AAAACGAAAGTAGTTCCTGATTACAAATTCCCGCAGTAAGCATTTCCATAAATAGGCAACCACATAG	9437.0	123416.0	EXACT_MATCH
CCTGTTAAAACGACTATCATCAGAAATACA	u	AAAACGAAAGTAGTTCCTGATTACAAATTCCCGCAGTAAGCATTTCCATAAATAGGCAACCACATAG	7458.0	123416.0	EXACT_MATCH
CGACCGTGCCAGGCGTAATGGTCACTGTTG	u	AAAACGAAAGTAGTTCCTGATTACAAATTCCCGCAGTAAGCATTTCCATAAATAGGCAACCACATAG	235.0	123416.0	EXACT_MATCH
GAAAACGAGAGGATTACAATAACAGTAGAA	u	AAAACGAAAGTAGTTCCTGATTACAAATTCCCGCAGTAAGCATTTCCATAAATAGGCAACCACATAG	14467.0	123416.0	EXACT_MATCH
GAACATCGTACTTCCTACTGCAAAATTATA	u	AAAACGAAAGTAGTTCCTGATTACAAATTCCCGCAGTAAGCATTTCCATAAATAGGCAACCACATAG	3806.0	123416.0	EXACT_MATCH
GTTAAAAGCAAAAAAATCCGACCCCATCCA	u	AAAACGAAAGTAGTTCCTGATTACAAATTCCCGCAGTAAGCATTTCCATAAATAGGCAACCACATAG	5227.0	123416.0	EXACT_MATCH
TATAGCAACTATGACTCATAAGATGGCGCC	u	AAAACGAAAGTAGTTCCTGATTACAAATTCCCGCAGTAAGCATTTCCATAAATAGGCAACCACATAG	4207.0	123416.0	EXACT_MATCH
TGATGAGCCTCTGTAAAGAACACTACGCCT	u	AAAACGAAAGTAGTTCCTGATTACAAATTCCCGCAGTAAGCATTTCCATAAATAGGCAACCACATAG	9086.0	123416.0	EXACT_MATCH
TTTAAATTTCTAACTATTAAAAACAAAGCA	u	AAAACGAAAGTAGTTCCTGATTACAAATTCCCGCAGTAAGCATTTCCATAAATAGGCAACCACATAG	4853.0	123416.0	EXACT_MATCH
AGACCAATGAAAAATGAATAAAAAAACATG	u	AAAAGGAATCTGATTTATCTGGCATCGCCTCCAGCTGTGTTCGTCTTCTCTTCCTAATCTCCTGGATGT	1638.0	1638.0	EXACT_MATCH
CAGACGAATTTCATTTAATCATCGATATAA	u	AAAGTCATACGATGGATGACATGCTCCGCAACTGCGGAAATCCGTGGTCACACGGAAGTCAAGCGTC	3242.0	3242.0	EXACT_MATCH
AAAACTTGATGACGTCAAGTAACTAATTCA	u	AAATAGTGATGACGTGTCACCTGTCCCACACACAGCTGCTGAACGGAAAAATGGAAGACAAGATGCTG	1836.0	9896.0	EXACT_MATCH
TTTAGCAATAACCCAAATACACGGAGCCAA	u	AAATAGTGATGACGTGTCACCTGTCCCACACACAGCTGCTGAACGGAAAAATGGAAGACAAGATGCTG	8060.0	9896.0	EXACT_MATCH
AACAAACGCACGAAAACCTCCTTTTAAAAT	u	AACCCGGATGTCTCGGCCTTATTCCTTTGAACTGCGGCCGGTGACCCTTTGGATCCTGAATCCGTTT	8015.0	51991.0	EXACT_MATCH
AAGGGTAAAATTTGCAATAGATTTATCAAC	u	AACCCGGATGTCTCGGCCTTATTCCTTTGAACTGCGGCCGGTGACCCTTTGGATCCTGAATCCGTTT	7243.0	51991.0	EXACT_MATCH
AGACGGAATTGACTAAAAACAGTTTTCAAC	u	AACCCGGATGTCTCGGCCTTATTCCTTTGAACTGCGGCCGGTGACCCTTTGGATCCTGAATCCGTTT	3949.0	51991.0	EXACT_MATCH
CAAAGACTCTCTTCACTATACCGAGTTTAT	u	AACCCGGATGTCTCGGCCTTATTCCTTTGAACTGCGGCCGGTGACCCTTTGGATCCTGAATCCGTTT	10016.0	51991.0	EXACT_MATCH
GATCCTGGCGTGGATAGGACATCAATGGCA	u	AACCCGGATGTCTCGGCCTTATTCCTTTGAACTGCGGCCGGTGACCCTTTGGATCCTGAATCCGTTT	2167.0	51991.0	EXACT_MATCH
TTCAATACTAAGAACCCGATTAGAACTACT	u	AACCCGGATGTCTCGGCCTTATTCCTTTGAACTGCGGCCGGTGACCCTTTGGATCCTGAATCCGTTT	20601.0	51991.0	EXACT_MATCH
ATAGACAGAAAGACCAAGACAGTAAAGGTA	u	AACCGCAGGAAGTCCGCTCTAAATGTTCTCACTGCGGTTAATTCCTCTAGACCTCTAACTTATCATA	4656.0	11436.0	EXACT_MATCH
TAGAAAACGCCATAAGGTCGCCGAGGGCGG	u	AACCGCAGGAAGTCCGCTCTAAATGTTCTCACTGCGGTTAATTCCTCTAGACCTCTAACTTATCATA	1401.0	11436.0	EXACT_MATCH
TCACAGAAGAACAGTAGTGATTCCCATCAA	u	AACCGCAGGAAGTCCGCTCTAAATGTTCTCACTGCGGTTAATTCCTCTAGACCTCTAACTTATCATA	5379.0	11436.0	EXACT_MATCH
ATCTTGAATAACCAAGCGAAGAGGCGGTCG	u	AACTTACTTCCTTGCTTTGAGGATATTTCTCACAGCTGCAGCTTCCTTCAAGGTTTGTTTCGTTTTCT	2727.0	49210.0	EXACT_MATCH
ATGCTTACACATAAGCTTGCTAGAAAGTAA	u	AACTTACTTCCTTGCTTTGAGGATATTTCTCACAGCTGCAGCTTCCTTCAAGGTTTGTTTCGTTTTCT	2095.0	49210.0	EXACT_MATCH
CAAATAAATAACATAACCCAGACTCGGAGT	u	AACTTACTTCCTTGCTTTGAGGATATTTCTCACAGCTGCAGCTTCCTTCAAGGTTTGTTTCGTTTTCT	23701.0	49210.0	EXACT_MATCH
CTAGAAACACAGCCGTCGCCAACCGAGGA	u	AACTTACTTCCTTGCTTTGAGGATATTTCTCACAGCTGCAGCTTCCTTCAAGGTTTGTTTCGTTTTCT	162.0	49210.0	EXACT_MATCH
GGCACAGCAACAAGGCAGCCCAATTCCCAC	u	AACTTACTTCCTTGCTTTGAGGATATTTCTCACAGCTGCAGCTTCCTTCAAGGTTTGTTTCGTTTTCT	8603.0	49210.0	EXACT_MATCH
GTTTAAATAACTTAACCCTGGGATAACAAA	u	AACTTACTTCCTTGCTTTGAGGATATTTCTCACAGCTGCAGCTTCCTTCAAGGTTTGTTTCGTTTTCT	1670.0	49210.0	EXACT_MATCH
TTCAACTAACGAGTTAAACCTCAGAAAACA	u	AACTTACTTCCTTGCTTTGAGGATATTTCTCACAGCTGCAGCTTCCTTCAAGGTTTGTTTCGTTTTCT	1063.0	49210.0	EXACT_MATCH
TTGTGAACATACACACCTGGAACTGCGCGC	u	AACTTACTTCCTTGCTTTGAGGATATTTCTCACAGCTGCAGCTTCCTTCAAGGTTTGTTTCGTTTTCT	9189.0	49210.0	EXACT_MATCH
AAAACGACCGGGCCCGAAAACTTGATGTGC	u	AACTTCCTGTGCAGCCTCGCTCTCTTGTTTCACAGCTGCTGTTGGCTGGGTATCCTTTGTTTCTTCAG	8448.0	75859.0	EXACT_MATCH
AACGAAAATACCTAACAGACGGAGGCAAGG	u	AACTTCCTGTGCAGCCTCGCTCTCTTGTTTCACAGCTGCTGTTGGCTGGGTATCCTTTGTTTCTTCAG	11940.0	75859.0	EXACT_MATCH
AAGCTAAACAGATACCTCCCATGCTTGCCT	u	AACTTCCTGTGCAGCCTCGCTCTCTTGTTTCACAGCTGCTGTTGGCTGGGTATCCTTTGTTTCTTCAG	14585.0	75859.0	EXACT_MATCH
AATACATCTAATGGAGATAATAAAGCCGGA	u	AACTTCCTGTGCAGCCTCGCTCTCTTGTTTCACAGCTGCTGTTGGCTGGGTATCCTTTGTTTCTTCAG	4045.0	75859.0	EXACT_MATCH
ACCAGAAAAATAAAATTAATAATACAAAAA	u	AACTTCCTGTGCAGCCTCGCTCTCTTGTTTCACAGCTGCTGTTGGCTGGGTATCCTTTGTTTCTTCAG	8663.0	75859.0	EXACT_MATCH
CGGAATCCGGCAATCAACCATGTTCCTCTC	u	AACTTCCTGTGCAGCCTCGCTCTCTTGTTTCACAGCTGCTGTTGGCTGGGTATCCTTTGTTTCTTCAG	5039.0	75859.0	EXACT_MATCH
CTCCACATCGAAAAATTTTGTAACTACGGT	u	AACTTCCTGTGCAGCCTCGCTCTCTTGTTTCACAGCTGCTGTTGGCTGGGTATCCTTTGTTTCTTCAG	6353.0	75859.0	EXACT_MATCH
GCCCAACGTACCACAAGAGTTATGGAAGGA	u	AACTTCCTGTGCAGCCTCGCTCTCTTGTTTCACAGCTGCTGTTGGCTGGGTATCCTTTGTTTCTTCAG	3354.0	75859.0	EXACT_MATCH
TGAGTCCAGATGGTCCGACAACGACCCCGG	u	AACTTCCTGTGCAGCCTCGCTCTCTTGTTTCACAGCTGCTGTTGGCTGGGTATCCTTTGTTTCTTCAG	13432.0	75859.0	EXACT_MATCH
CGCAAGGCTGATAGCTTCGAATGGAAGCA	u	AAGGATCTTGTTAAAATCGTGTATTGTTTAACTGCGGTACAGGAATTCTGGGTTATTTATGTAATTT	14678.0	23894.0	EXACT_MATCH
GGAAACCAGTGAGACAACAGTAAAGAGGTA	u	AAGGATCTTGTTAAAATCGTGTATTGTTTAACTGCGGTACAGGAATTCTGGGTTATTTATGTAATTT	4324.0	23894.0	EXACT_MATCH
TCAGCTGACAAAAAAATAGCGAACAATATC	u	AAGGATCTTGTTAAAATCGTGTATTGTTTAACTGCGGTACAGGAATTCTGGGTTATTTATGTAATTT	4892.0	23894.0	EXACT_MATCH
AAGTGATAAAAGAACCAGATAGCAAACATA	u	AATGACCTTACTGAGAAGATCCAGAACCTCCACAGCTGAGTGCGACACTCCCCAATCCAAAACAGCAT	1824.0	36680.0	EXACT_MATCH
ACTATGCATGGCTGCTAGGAGGATAGTCAG	u	AATGACCTTACTGAGAAGATCCAGAACCTCCACAGCTGAGTGCGACACTCCCCAATCCAAAACAGCAT	217.0	36680.0	EXACT_MATCH
ATCAAGAAAAACTTTCTTAAACATCACCAA	u	AATGACCTTACTGAGAAGATCCAGAACCTCCACAGCTGAGTGCGACACTCCCCAATCCAAAACAGCAT	13906.0	36680.0	EXACT_MATCH
CATCCATATCATAACTAATTACAGCGGAAG	u	AATGACCTTACTGAGAAGATCCAGAACCTCCACAGCTGAGTGCGACACTCCCCAATCCAAAACAGCAT	6850.0	36680.0	EXACT_MATCH
CTATACCGCAAGGTCCGGCACGAGAGGATA	u	AATGACCTTACTGAGAAGATCCAGAACCTCCACAGCTGAGTGCGACACTCCCCAATCCAAAACAGCAT	2844.0	36680.0	EXACT_MATCH
GGGGCAGAATGTGAGATCACTTGTTGACAA	u	AATGACCTTACTGAGAAGATCCAGAACCTCCACAGCTGAGTGCGACACTCCCCAATCCAAAACAGCAT	463.0	36680.0	EXACT_MATCH
GTCACTAAAACAATCCGGAATAAGAAATAA	u	AATGACCTTACTGAGAAGATCCAGAACCTCCACAGCTGAGTGCGACACTCCCCAATCCAAAACAGCAT	5043.0	36680.0	EXACT_MATCH
TTGGAAACACTCTAAAGCGAAAAGAATTTA	u	AATGACCTTACTGAGAAGATCCAGAACCTCCACAGCTGAGTGCGACACTCCCCAATCCAAAACAGCAT	2093.0	36680.0	EXACT_MATCH
TTTTCGTGGGCCAAGCCTCCCAGCCTTTAA	u	AATGACCTTACTGAGAAGATCCAGAACCTCCACAGCTGAGTGCGACACTCCCCAATCCAAAACAGCAT	3440.0	36680.0	EXACT_MATCH
CAGCAGAAATTCCGGCCAGCAATATGAGGT	u	AATGTAGTTTGCTATTTCCATGCCACGTTACCGCAGTGGTGAATTCCTGCGATGCAAGATTAAAATC	2248.0	34847.0	EXACT_MATCH
CCCCCAACCAATGCGGCGCAACACGTCCTC	u	AATGTAGTTTGCTATTTCCATGCCACGTTACCGCAGTGGTGAATTCCTGCGATGCAAGATTAAAATC	13369.0	34847.0	EXACT_MATCH
GATTAAAAAAATTGTGAACCCAAATCAAAA	u	AATGTAGTTTGCTATTTCCATGCCACGTTACCGCAGTGGTGAATTCCTGCGATGCAAGATTAAAATC	3618.0	34847.0	EXACT_MATCH
GGGGAGAGGCCTGGTAAATTGTACACAGTC	u	AATGTAGTTTGCTATTTCCATGCCACGTTACCGCAGTGGTGAATTCCTGCGATGCAAGATTAAAATC	15612.0	34847.0	EXACT_MATCH
TAATCTAACATCTCAGAAGTCAAGGCCCAT	u	AATTCTCAAAGACAAACGAAGGAATAACCACCAGCTGTGCAATTCCAGCATTCCCTGTCGTTACATAAC	15371.0	15371.0	EXACT_MATCH
AATAACGCAACTAAACTCAGGACATGTGTA	u	ACAGTTGCATGGTTGGCATGATCCACCATACACAGCTGGGTTTCCAAAGTAGCCGGATGCACACAGTT	4357.0	44026.0	EXACT_MATCH
AATTATGTATGATAAAGAGCGACCCACATA	u	ACAGTTGCATGGTTGGCATGATCCACCATACACAGCTGGGTTTCCAAAGTAGCCGGATGCACACAGTT	7032.0	44026.0	EXACT_MATCH
AGTGAGAGAATGAGATGTCAGGGTGACCAG	u	ACAGTTGCATGGTTGGCATGATCCACCATACACAGCTGGGTTTCCAAAGTAGCCGGATGCACACAGTT	460.0	44026.0	EXACT_MATCH
ATCCGGCCCACATTTCAGCACGGGATCAGC	u	ACAGTTGCATGGTTGGCATGATCCACCATACACAGCTGGGTTTCCAAAGTAGCCGGATGCACACAGTT	6379.0	44026.0	EXACT_MATCH
CACGCGAGGAATTAGGCTTCTAGATGCTAC	u	ACAGTTGCATGGTTGGCATGATCCACCATACACAGCTGGGTTTCCAAAGTAGCCGGATGCACACAGTT	6273.0	44026.0	EXACT_MATCH
CAGCAAAAACGAGAACGCGCACCAACTGAT	u	ACAGTTGCATGGTTGGCATGATCCACCATACACAGCTGGGTTTCCAAAGTAGCCGGATGCACACAGTT	2531.0	44026.0	EXACT_MATCH
GATATGCACATAAGCAAACCTCGCAGGGTA	u	ACAGTTGCATGGTTGGCATGATCCACCATACACAGCTGGGTTTCCAAAGTAGCCGGATGCACACAGTT	6565.0	44026.0	EXACT_MATCH
GGTGTGAAACTAACACCCGAACTACAATA	u	ACAGTTGCATGGTTGGCATGATCCACCATACACAGCTGGGTTTCCAAAGTAGCCGGATGCACACAGTT	10429.0	44026.0	EXACT_MATCH
AAGAATCAAACTGACAAACAAAAACGCAGA	u	ACGAACCTTTATAAACACTATTCAAACAAAACTGCGGAACCGGAACGGTGGATTTACCAAATGATTC	8766.0	78780.0	EXACT_MATCH
ATAAGATCCCTAGGCTAGAGATAAAGGTAA	u	ACGAACCTTTATAAACACTATTCAAACAAAACTGCGGAACCGGAACGGTGGATTTACCAAATGATTC	14832.0	78780.0	EXACT_MATCH
CAATGGAAGAGAAACACAGCTACCATACCA	u	ACGAACCTTTATAAACACTATTCAAACAAAACTGCGGAACCGGAACGGTGGATTTACCAAATGATTC	30265.0	78780.0	EXACT_MATCH
CCAGCCTTCCTCACTATAGTATGAAAACAA	u	ACGAACCTTTATAAACACTATTCAAACAAAACTGCGGAACCGGAACGGTGGATTTACCAAATGATTC	8032.0	78780.0	EXACT_MATCH
GGCTAGGGGAAGTTCATTACTAGGCAACCG	u	ACGAACCTTTATAAACACTATTCAAACAAAACTGCGGAACCGGAACGGTGGATTTACCAAATGATTC	4355.0	78780.0	EXACT_MATCH
TAAAAATAGTAATAAATAGTCAGTACACCG	u	ACGAACCTTTATAAACACTATTCAAACAAAACTGCGGAACCGGAACGGTGGATTTACCAAATGATTC	12530.0	78780.0	EXACT_MATCH
AACAGTCTAGACAATAATATTCGATAACAA	u	ACGACAAGGTTCCTCAAAAACGGAATTTTAACTGCGGCGGAATAAAAAATAATAATAATAACTTTTT	9417.0	9417.0	EXACT_MATCH
GCGCGATGTATTATACGAGGAACACCAGAC	u	ACGGCATGTGGACTGAATCTAGGATTTAAACACAGCTGACAGGATATTCAACATAATCCATAACATTT	28410.0	32980.0	EXACT_MATCH
TGTCTGCGAACACATGTGCATCAAAAAGA	u	ACGGCATGTGGACTGAATCTAGGATTTAAACACAGCTGACAGGATATTCAACATAATCCATAACATTT	4570.0	32980.0	EXACT_MATCH
CAAGTGATAAAAATTTTTTCACTTAAAAAG	u	ACTTCCAAGGAAGCAATTTAGGAAATGTGACACAGCGGAAGAAACGCTGCATTGGTCAACGTTCTGTA	10836.0	10836.0	EXACT_MATCH
AAGAAGTACTAAGAAAACCGAAAAACATTG	u	ACTTTTAATTCCATTTTTTCAGATGTAACTACTGCGGCTTCAAGGATGAATGGGGTGGTTTTGGAAG	9815.0	117153.0	EXACT_MATCH
AATAAGGGCGAGATTTTCTGAATTCCGAAA	u	ACTTTTAATTCCATTTTTTCAGATGTAACTACTGCGGCTTCAAGGATGAATGGGGTGGTTTTGGAAG	15310.0	117153.0	EXACT_MATCH
AATTACCGGAAGCTATGTTAAAAAATTTAA	u	ACTTTTAATTCCATTTTTTCAGATGTAACTACTGCGGCTTCAAGGATGAATGGGGTGGTTTTGGAAG	2363.0	117153.0	EXACT_MATCH
ATGGCAAATTCAACTTGCGCATCACTCTAT	u	ACTTTTAATTCCATTTTTTCAGATGTAACTACTGCGGCTTCAAGGATGAATGGGGTGGTTTTGGAAG	3490.0	117153.0	EXACT_MATCH
ATTCTAAGCAAGGATCTAGTAAATTAAAAA	u	ACTTTTAATTCCATTTTTTCAGATGTAACTACTGCGGCTTCAAGGATGAATGGGGTGGTTTTGGAAG	22387.0	117153.0	EXACT_MATCH
CAGAAAAAAGAAGGAGTTTCCAAAAAACGG	u	ACTTTTAATTCCATTTTTTCAGATGTAACTACTGCGGCTTCAAGGATGAATGGGGTGGTTTTGGAAG	2220.0	117153.0	EXACT_MATCH
CAGGAGACCCTTTAAAGGGGAACGGAGACC	u	ACTTTTAATTCCATTTTTTCAGATGTAACTACTGCGGCTTCAAGGATGAATGGGGTGGTTTTGGAAG	8173.0	117153.0	EXACT_MATCH
CCGTTAAATACACGACGGCAAGTCCAGATC	u	ACTTTTAATTCCATTTTTTCAGATGTAACTACTGCGGCTTCAAGGATGAATGGGGTGGTTTTGGAAG	5975.0	117153.0	EXACT_MATCH
CGATCTTCCAGAAAATGCGTCAAAGATTTT	u	ACTTTTAATTCCATTTTTTCAGATGTAACTACTGCGGCTTCAAGGATGAATGGGGTGGTTTTGGAAG	9331.0	117153.0	EXACT_MATCH
GAAGGTTTTACCTCCCAACTCCAGCTAGAA	u	ACTTTTAATTCCATTTTTTCAGATGTAACTACTGCGGCTTCAAGGATGAATGGGGTGGTTTTGGAAG	2220.0	117153.0	EXACT_MATCH
GATTATGTGCGCACTCGCTGGAGGCACTTC	u	ACTTTTAATTCCATTTTTTCAGATGTAACTACTGCGGCTTCAAGGATGAATGGGGTGGTTTTGGAAG	727.0	117153.0	EXACT_MATCH
GCTCGAACTAAAACTAACACAGATAAAGCT	u	ACTTTTAATTCCATTTTTTCAGATGTAACTACTGCGGCTTCAAGGATGAATGGGGTGGTTTTGGAAG	5454.0	117153.0	EXACT_MATCH
GGACGTGCGTGCAAAAAGCATTGAGGAGAG	u	ACTTTTAATTCCATTTTTTCAGATGTAACTACTGCGGCTTCAAGGATGAATGGGGTGGTTTTGGAAG	12162.0	117153.0	EXACT_MATCH
TAGGAAACTAGGAATTGAGAAATATTAGAA	u	ACTTTTAATTCCATTTTTTCAGATGTAACTACTGCGGCTTCAAGGATGAATGGGGTGGTTTTGGAAG	11266.0	117153.0	EXACT_MATCH
TATGCTCCGATAAGAGAGACATACAGGAAA	u	ACTTTTAATTCCATTTTTTCAGATGTAACTACTGCGGCTTCAAGGATGAATGGGGTGGTTTTGGAAG	802.0	117153.0	EXACT_MATCH
TCAAAAAATAAGATATAACTCCAAAAGCAC	u	ACTTTTAATTCCATTTTTTCAGATGTAACTACTGCGGCTTCAAGGATGAATGGGGTGGTTTTGGAAG	5458.0	117153.0	EXACT_MATCH
AAACTGAATGAAGGGAGGTCCGGAGCGAAA	u	AGACCGGATATAATTAATTTGCTTTCCTTTCACAGCTGTCTAACCGTGCACGAATGTCTGTAGAATCG	3353.0	33886.0	EXACT_MATCH
ATAATCTCGGCTGAGAAACACAATCTCGGT	u	AGACCGGATATAATTAATTTGCTTTCCTTTCACAGCTGTCTAACCGTGCACGAATGTCTGTAGAATCG	19252.0	33886.0	EXACT_MATCH
TTGTATAACTTAAAACGAAAAATAAAAGAT	u	AGACCGGATATAATTAATTTGCTTTCCTTTCACAGCTGTCTAACCGTGCACGAATGTCTGTAGAATCG	11281.0	33886.0	EXACT_MATCH
AAGAGGACTCTTCAAGTCCAAATATTCAAC	u	AGAGCAAGTCCGGGCATCCCACTTCCGCATCCAGCTGTGCTGAGATCCTCTCTGTGCTCTTCTTTAAAG	15174.0	91100.0	EXACT_MATCH
ACATAAGAATAGCTGAGACTGAATATACGC	u	AGAGCAAGTCCGGGCATCCCACTTCCGCATCCAGCTGTGCTGAGATCCTCTCTGTGCTCTTCTTTAAAG	406.0	91100.0	EXACT_MATCH
AGACTAAAAACGTTATTCCAAAATAGCAAC	u	AGAGCAAGTCCGGGCATCCCACTTCCGCATCCAGCTGTGCTGAGATCCTCTCTGTGCTCTTCTTTAAAG	16213.0	91100.0	EXACT_MATCH
ATAACTAACGACACAATCAAGGCTGGGAAA	u	AGAGCAAGTCCGGGCATCCCACTTCCGCATCCAGCTGTGCTGAGATCCTCTCTGTGCTCTTCTTTAAAG	2520.0	91100.0	EXACT_MATCH
CAATTCCTGGACACCCGCTGACGAGGCTGC	u	AGAGCAAGTCCGGGCATCCCACTTCCGCATCCAGCTGTGCTGAGATCCTCTCTGTGCTCTTCTTTAAAG	2471.0	91100.0	EXACT_MATCH
CATAATAAATATTAAAAGCAAAGAATAACA	u	AGAGCAAGTCCGGGCATCCCACTTCCGCATCCAGCTGTGCTGAGATCCTCTCTGTGCTCTTCTTTAAAG	5544.0	91100.0	EXACT_MATCH
CATAGCCTATACGCAGGACTGATGCCGAGC	u	AGAGCAAGTCCGGGCATCCCACTTCCGCATCCAGCTGTGCTGAGATCCTCTCTGTGCTCTTCTTTAAAG	6128.0	91100.0	EXACT_MATCH
CTGTATCGGTCGAATCAAAAAATGTTCCAC	u	AGAGCAAGTCCGGGCATCCCACTTCCGCATCCAGCTGTGCTGAGATCCTCTCTGTGCTCTTCTTTAAAG	682.0	91100.0	EXACT_MATCH
GAGATGAAGGCGATACCGTGGACAACCAAT	u	AGAGCAAGTCCGGGCATCCCACTTCCGCATCCAGCTGTGCTGAGATCCTCTCTGTGCTCTTCTTTAAAG	9182.0	91100.0	EXACT_MATCH
GTGAATAAACCACATCACCGGAATGTCACG	u	AGAGCAAGTCCGGGCATCCCACTTCCGCATCCAGCTGTGCTGAGATCCTCTCTGTGCTCTTCTTTAAAG	5521.0	91100.0	EXACT_MATCH
TCTGCCCACATACAATAGTAGCGTACCCGC	u	AGAGCAAGTCCGGGCATCCCACTTCCGCATCCAGCTGTGCTGAGATCCTCTCTGTGCTCTTCTTTAAAG	23854.0	91100.0	EXACT_MATCH
TTAAATAATTCACACGGCATAAATTATCAC	u	AGAGCAAGTCCGGGCATCCCACTTCCGCATCCAGCTGTGCTGAGATCCTCTCTGTGCTCTTCTTTAAAG	3405.0	91100.0	EXACT_MATCH
AAATAAAAACATTAGACGTTGAAATTAAA	u	AGCTTCTGCGGGATTTCAGGCGTTGATCTCCCGCAGTGGGTTTATCCTTTCACCGCCGTTGTTCTGC	14964.0	25655.0	EXACT_MATCH
CTTTGAGATACTTTAAACCTCGGGTAAATG	u	AGCTTCTGCGGGATTTCAGGCGTTGATCTCCCGCAGTGGGTTTATCCTTTCACCGCCGTTGTTCTGC	10691.0	25655.0	EXACT_MATCH
AGCAAGAAAAGAAACATCATTTACAACAGA	u	AGGAAAATCGGAATGCACAGACAGATAAAACACAGCTGTACCGGAAATGTCAGTATAAAAATAACAAA	2636.0	5182.0	EXACT_MATCH
TCATCAAAGAAAATAGTATCACAAAAAGAA	u	AGGAAAATCGGAATGCACAGACAGATAAAACACAGCTGTACCGGAAATGTCAGTATAAAAATAACAAA	461.0	5182.0	EXACT_MATCH
TCCAGCAGAACAAAAAACGCAACAAAACGT	u	AGGAAAATCGGAATGCACAGACAGATAAAACACAGCTGTACCGGAAATGTCAGTATAAAAATAACAAA	1530.0	5182.0	EXACT_MATCH
TGCCTGTGAAATACTCTGGGAGGATATGCT	u	AGGAAAATCGGAATGCACAGACAGATAAAACACAGCTGTACCGGAAATGTCAGTATAAAAATAACAAA	555.0	5182.0	EXACT_MATCH
GGCACATCCGAGCCCAACCTTCTCACGAAA	u	AGGAATGATTGACAGTCCATGAAACTGTATCCGCAGTTACGCAGCATTCTTAATGTTCTTGGTTTCC	4862.0	4862.0	EXACT_MATCH
CACACGCACTAATCTCAGTAGGTCGGACGA	u	AGTGACTTATCCATGGTTGCCACTCCCATGCCCGCAGTCAGATTACTGGAGCTCTTGCAATGTGTGGAT	9009.0	25463.0	EXACT_MATCH
CCGCCGGCAGGACATTCGGCATTACCAATG	u	AGTGACTTATCCATGGTTGCCACTCCCATGCCCGCAGTCAGATTACTGGAGCTCTTGCAATGTGTGGAT	2444.0	25463.0	EXACT_MATCH
GACGTAACACACAGCGATCACTCGAATATA	u	AGTGACTTATCCATGGTTGCCACTCCCATGCCCGCAGTCAGATTACTGGAGCTCTTGCAATGTGTGGAT	2781.0	25463.0	EXACT_MATCH
TAAAACGAAATTTACATGATGTCGGAGGAA	u	AGTGACTTATCCATGGTTGCCACTCCCATGCCCGCAGTCAGATTACTGGAGCTCTTGCAATGTGTGGAT	252.0	25463.0	EXACT_MATCH
TTCAAGTAAACTAAGAACACAAATCTTCGC	u	AGTGACTTATCCATGGTTGCCACTCCCATGCCCGCAGTCAGATTACTGGAGCTCTTGCAATGTGTGGAT	10977.0	25463.0	EXACT_MATCH
AAAGGGAGGAATTGCCTGCACTGGCAGGAG	u	AGTGTAACTTCCTGTGTTTCATTTTCCTCCACTGCGGTATTCTCTTGTGTTTCCAAATTGTTTTGGT	553.0	5843.0	EXACT_MATCH
AGAGAATAAATCAATAAATAAAATCAAAAT	u	AGTGTAACTTCCTGTGTTTCATTTTCCTCCACTGCGGTATTCTCTTGTGTTTCCAAATTGTTTTGGT	4107.0	5843.0	EXACT_MATCH
TCAGAGTGTACATCACACGCGAGGTCAAAA	u	AGTGTAACTTCCTGTGTTTCATTTTCCTCCACTGCGGTATTCTCTTGTGTTTCCAAATTGTTTTGGT	1183.0	5843.0	EXACT_MATCH
ATAAGGACAGAAACTCCTATATCTGTCATA	u	ATAAGCAAGTACGAGGTGCGTGGAACAGAACAGCTGTGTTATAATGACTACCCCATCACACAAGGATA	15705.0	43107.0	EXACT_MATCH
CCAGAAGGTAAACCACCAAGGCCGACGAAC	u	ATAAGCAAGTACGAGGTGCGTGGAACAGAACAGCTGTGTTATAATGACTACCCCATCACACAAGGATA	9965.0	43107.0	EXACT_MATCH
TCAAAAAAAAAGGGAAATCTAAGGGGTAAA	u	ATAAGCAAGTACGAGGTGCGTGGAACAGAACAGCTGTGTTATAATGACTACCCCATCACACAAGGATA	17437.0	43107.0	EXACT_MATCH
AACGAAGACTACAAAGAAATACCATGTTAA	u	ATACTGATCCGGATGAAATTTTGTGCTCCGGACTGCGGCAGGAGTTGGTACTCCTATATCAAAAGGTC	5220.0	10137.0	EXACT_MATCH
CCTAGAAGAATCGAGGAGAGACCCAGACCC	u	ATACTGATCCGGATGAAATTTTGTGCTCCGGACTGCGGCAGGAGTTGGTACTCCTATATCAAAAGGTC	4917.0	10137.0	EXACT_MATCH
AGAGCTAGGATAAGCACACTAAAACAATGA	u	ATATCCAACATGCTCCGCAACCGCGTGGCAACTGCGGAGATCCATGGTCACACGGAAGTCAAGCGTG	10857.0	40892.0	EXACT_MATCH
AGGAGAATAAGACGGAGAATCATTAAAGAT	u	ATATCCAACATGCTCCGCAACCGCGTGGCAACTGCGGAGATCCATGGTCACACGGAAGTCAAGCGTG	2269.0	40892.0	EXACT_MATCH
ATAGGCGGACCGCTTTGAGAGTAATCAAGC	u	ATATCCAACATGCTCCGCAACCGCGTGGCAACTGCGGAGATCCATGGTCACACGGAAGTCAAGCGTG	2450.0	40892.0	EXACT_MATCH
CCTTAACCTCGAATCGAAGCTATATAATAT	u	ATATCCAACATGCTCCGCAACCGCGTGGCAACTGCGGAGATCCATGGTCACACGGAAGTCAAGCGTG	6062.0	40892.0	EXACT_MATCH
GGCACTAGGTCAATAGCTAACAGTAGAAAA	u	ATATCCAACATGCTCCGCAACCGCGTGGCAACTGCGGAGATCCATGGTCACACGGAAGTCAAGCGTG	7818.0	40892.0	EXACT_MATCH
GTATACCGCCGCCCATCAACCTTGATCAGC	u	ATATCCAACATGCTCCGCAACCGCGTGGCAACTGCGGAGATCCATGGTCACACGGAAGTCAAGCGTG	3505.0	40892.0	EXACT_MATCH
TATACGAAAAATCACAAAAAAAACAGTTCA	u	ATATCCAACATGCTCCGCAACCGCGTGGCAACTGCGGAGATCCATGGTCACACGGAAGTCAAGCGTG	393.0	40892.0	EXACT_MATCH
TCTAACTTAATTATTACATAAGCATGAAAT	u	ATATCCAACATGCTCCGCAACCGCGTGGCAACTGCGGAGATCCATGGTCACACGGAAGTCAAGCGTG	3516.0	40892.0	EXACT_MATCH
TGGATGAGATACACGCTACGAAAATATGAA	u	ATATCCAACATGCTCCGCAACCGCGTGGCAACTGCGGAGATCCATGGTCACACGGAAGTCAAGCGTG	4022.0	40892.0	EXACT_MATCH
AAGAAGAATGTAAACGAGAAACTCAGGTGT	u	ATCAAACCCGGAACCCATGAGGATATCAACGACTGCGGGACTTGGGAACTTGGTGACTGGGTAGCGAC	14803.0	77657.0	EXACT_MATCH
AATAAATTACAATAAAAAAACATATAAGAA	u	ATCAAACCCGGAACCCATGAGGATATCAACGACTGCGGGACTTGGGAACTTGGTGACTGGGTAGCGAC	25489.0	77657.0	EXACT_MATCH
AGTCGAGGTGTTATAAAGCCGTGAACACTC	u	ATCAAACCCGGAACCCATGAGGATATCAACGACTGCGGGACTTGGGAACTTGGTGACTGGGTAGCGAC	5803.0	77657.0	EXACT_MATCH
ATAAATTAAAAAGAACCCAAGAATCATACG	u	ATCAAACCCGGAACCCATGAGGATATCAACGACTGCGGGACTTGGGAACTTGGTGACTGGGTAGCGAC	15105.0	77657.0	EXACT_MATCH
ATAGACTAATAAGTAACAGACCCATATCCA	u	ATCAAACCCGGAACCCATGAGGATATCAACGACTGCGGGACTTGGGAACTTGGTGACTGGGTAGCGAC	844.0	77657.0	EXACT_MATCH
CTTAACACATTAAAAAAACAAGGCATTATC	u	ATCAAACCCGGAACCCATGAGGATATCAACGACTGCGGGACTTGGGAACTTGGTGACTGGGTAGCGAC	4127.0	77657.0	EXACT_MATCH
GATATAAAAGAGAAATATTGAAATAGCACG	u	ATCAAACCCGGAACCCATGAGGATATCAACGACTGCGGGACTTGGGAACTTGGTGACTGGGTAGCGAC	11486.0	77657.0	EXACT_MATCH
AAGAATAAGAGAAAACAGACTGTTGATTAC	u	ATCCACACACTGCAATAGCTTCAGCAACTCGACTGCGGGCATGGGAGTGGCAACCATGGATAAGTCAC	5912.0	162718.0	EXACT_MATCH
AATCATCATAACATAGACTAAAGGAAATAC	u	ATCCACACACTGCAATAGCTTCAGCAACTCGACTGCGGGCATGGGAGTGGCAACCATGGATAAGTCAC	21560.0	162718.0	EXACT_MATCH
ACCTGAGCAAGGAGCCGCAACTTGGGCCCG	u	ATCCACACACTGCAATAGCTTCAGCAACTCGACTGCGGGCATGGGAGTGGCAACCATGGATAAGTCAC	447.0	162718.0	EXACT_MATCH
ATTAAAAAAACATAATAAAAAAATTTACTA	u	ATCCACACACTGCAATAGCTTCAGCAACTCGACTGCGGGCATGGGAGTGGCAACCATGGATAAGTCAC	10148.0	162718.0	EXACT_MATCH
ATTCTAAAATAAAATAATAGCTCATATGGA	u	ATCCACACACTGCAATAGCTTCAGCAACTCGACTGCGGGCATGGGAGTGGCAACCATGGATAAGTCAC	17465.0	162718.0	EXACT_MATCH
CAGAAGAATCACTCGGAAAAAATGGCAAAC	u	ATCCACACACTGCAATAGCTTCAGCAACTCGACTGCGGGCATGGGAGTGGCAACCATGGATAAGTCAC	5463.0	162718.0	EXACT_MATCH
CCAAAACAACATATCGAACGCATTACCAAT	u	ATCCACACACTGCAATAGCTTCAGCAACTCGACTGCGGGCATGGGAGTGGCAACCATGGATAAGTCAC	30314.0	162718.0	EXACT_MATCH
CCGATTAGTAGTTAAAAAAAACATAGAGCC	u	ATCCACACACTGCAATAGCTTCAGCAACTCGACTGCGGGCATGGGAGTGGCAACCATGGATAAGTCAC	10668.0	162718.0	EXACT_MATCH
CTAATGGTCTAAGTCAGCTGGAACTCACGT	u	ATCCACACACTGCAATAGCTTCAGCAACTCGACTGCGGGCATGGGAGTGGCAACCATGGATAAGTCAC	9616.0	162718.0	EXACT_MATCH
GAAATGACACGTAAATCCCTAAGTACTCCG	u	ATCCACACACTGCAATAGCTTCAGCAACTCGACTGCGGGCATGGGAGTGGCAACCATGGATAAGTCAC	7700.0	162718.0	EXACT_MATCH
GACAAAATTCGACCTGACCAGACATTCACG	u	ATCCACACACTGCAATAGCTTCAGCAACTCGACTGCGGGCATGGGAGTGGCAACCATGGATAAGTCAC	15322.0	162718.0	EXACT_MATCH
TCATGAAGAGAAAACGCATAATAAAACTAA	u	ATCCACACACTGCAATAGCTTCAGCAACTCGACTGCGGGCATGGGAGTGGCAACCATGGATAAGTCAC	19628.0	162718.0	EXACT_MATCH
TTAGTGACCGATGCATTCAGTACCAGAGGA	u	ATCCACACACTGCAATAGCTTCAGCAACTCGACTGCGGGCATGGGAGTGGCAACCATGGATAAGTCAC	1220.0	162718.0	EXACT_MATCH
TTTTAGCTCTCAAAAAACCCCAAATTATTA	u	ATCCACACACTGCAATAGCTTCAGCAACTCGACTGCGGGCATGGGAGTGGCAACCATGGATAAGTCAC	7255.0	162718.0	EXACT_MATCH
AAAAGCTTAGGAAATCCAAAGTAGAAAGAG	u	ATGTTATGTTCTAACGGTATCCATCTCACACCGCAGTTCTATACACCATTCAGAATATAGCTGGAAT	5137.0	93253.0	EXACT_MATCH
AAAGGATGGACTATGCCTAAGGTTATACA	u	ATGTTATGTTCTAACGGTATCCATCTCACACCGCAGTTCTATACACCATTCAGAATATAGCTGGAAT	6804.0	93253.0	EXACT_MATCH
AAATATTTGCCGCCCATCCAGAACCCAGAT	u	ATGTTATGTTCTAACGGTATCCATCTCACACCGCAGTTCTATACACCATTCAGAATATAGCTGGAAT	9713.0	93253.0	EXACT_MATCH
AACGAAACCACTAGGCCCCTCTCCGTACAG	u	ATGTTATGTTCTAACGGTATCCATCTCACACCGCAGTTCTATACACCATTCAGAATATAGCTGGAAT	7450.0	93253.0	EXACT_MATCH
ATGCTCCAAGTGATAAAAACAACGGAGAAA	u	ATGTTATGTTCTAACGGTATCCATCTCACACCGCAGTTCTATACACCATTCAGAATATAGCTGGAAT	19407.0	93253.0	EXACT_MATCH
CCTATAAGCGCAATCTTTGGACCTATAAGA	u	ATGTTATGTTCTAACGGTATCCATCTCACACCGCAGTTCTATACACCATTCAGAATATAGCTGGAAT	31795.0	93253.0	EXACT_MATCH
GGAAATAACCAGGAAGCCATATGATACGTT	u	ATGTTATGTTCTAACGGTATCCATCTCACACCGCAGTTCTATACACCATTCAGAATATAGCTGGAAT	1791.0	93253.0	EXACT_MATCH
TCACTAATGATAACAAAAACTTCGACCAAG	u	ATGTTATGTTCTAACGGTATCCATCTCACACCGCAGTTCTATACACCATTCAGAATATAGCTGGAAT	2418.0	93253.0	EXACT_MATCH
TGACCAAACAATAGAAATGGATCGTGCGAA	u	ATGTTATGTTCTAACGGTATCCATCTCACACCGCAGTTCTATACACCATTCAGAATATAGCTGGAAT	8738.0	93253.0	EXACT_MATCH
AAAAAGTCACACTAATCGAAGATCATCATT	u	ATTATGTTCTGAAAGGTGTCCCATCTTCCCCCGCAGTACTATTACCTGATGCTAGATCCAAAATACT	1498.0	32278.0	EXACT_MATCH
ACCATCACCAACATAATAACACATTATCTA	u	ATTATGTTCTGAAAGGTGTCCCATCTTCCCCCGCAGTACTATTACCTGATGCTAGATCCAAAATACT	4541.0	32278.0	EXACT_MATCH
ATCATTACTATCCAACAATAACGTACGAAT	u	ATTATGTTCTGAAAGGTGTCCCATCTTCCCCCGCAGTACTATTACCTGATGCTAGATCCAAAATACT	12770.0	32278.0	EXACT_MATCH
CGAGAGCTAAGAGTTACGCTGAACGAATGT	u	ATTATGTTCTGAAAGGTGTCCCATCTTCCCCCGCAGTACTATTACCTGATGCTAGATCCAAAATACT	611.0	32278.0	EXACT_MATCH
CGAGCAGGCACCCAAACTGAACTGGAAGAA	u	ATTATGTTCTGAAAGGTGTCCCATCTTCCCCCGCAGTACTATTACCTGATGCTAGATCCAAAATACT	779.0	32278.0	EXACT_MATCH
CGGTAAGAAACAGTTTTAAAAGTCGCAGTA	u	ATTATGTTCTGAAAGGTGTCCCATCTTCCCCCGCAGTACTATTACCTGATGCTAGATCCAAAATACT	3811.0	32278.0	EXACT_MATCH
CTAAGGTACAGGTTTATCCCACCCAGTCGG	u	ATTATGTTCTGAAAGGTGTCCCATCTTCCCCCGCAGTACTATTACCTGATGCTAGATCCAAAATACT	6304.0	32278.0	EXACT_MATCH
GACGCTTGCCCAATGGCACTGGCGAAGCAA	u	ATTATGTTCTGAAAGGTGTCCCATCTTCCCCCGCAGTACTATTACCTGATGCTAGATCCAAAATACT	499.0	32278.0	EXACT_MATCH
TCGAAAAAGATCCGTTGTCTGTACAAGGTT	u	ATTATGTTCTGAAAGGTGTCCCATCTTCCCCCGCAGTACTATTACCTGATGCTAGATCCAAAATACT	1465.0	32278.0	EXACT_MATCH
AAAAGAATAATAAATACCGGCTGGGAACAA	u	ATTTATTCCTACATTTCCCAAGGATCAAAAACTGCGGTTCAAAATGTTTGATGCACATCACATTGTT	8384.0	115535.0	EXACT_MATCH
ACAATCACCGAAGCTGAGAGAGACATACAG	u	ATTTATTCCTACATTTCCCAAGGATCAAAAACTGCGGTTCAAAATGTTTGATGCACATCACATTGTT	23623.0	115535.0	EXACT_MATCH
ACTAAATACCCACTCTGAAACTAAAACTAG	u	ATTTATTCCTACATTTCCCAAGGATCAAAAACTGCGGTTCAAAATGTTTGATGCACATCACATTGTT	31135.0	115535.0	EXACT_MATCH
ATGACAATACACATAAACAGATGCCCAAAT	u	ATTTATTCCTACATTTCCCAAGGATCAAAAACTGCGGTTCAAAATGTTTGATGCACATCACATTGTT	12850.0	115535.0	EXACT_MATCH
CATAGCAGCGTCCGTGCATTCGAGGACACC	u	ATTTATTCCTACATTTCCCAAGGATCAAAAACTGCGGTTCAAAATGTTTGATGCACATCACATTGTT	29535.0	115535.0	EXACT_MATCH
CCAACCATCTCAACAGTCGGATGATAACAA	u	ATTTATTCCTACATTTCCCAAGGATCAAAAACTGCGGTTCAAAATGTTTGATGCACATCACATTGTT	5078.0	115535.0	EXACT_MATCH
CTCCCGAAGGTCCCCTACTCGACATGTAGA	u	ATTTATTCCTACATTTCCCAAGGATCAAAAACTGCGGTTCAAAATGTTTGATGCACATCACATTGTT	4930.0	115535.0	EXACT_MATCH
CCAGAGGGCCATGTTTCGGGACATCAAAGA	u	CAAGCGTGGAAATTTCCTTCAGTTTTCTTGCACAGCTGAATAGTTGTTCTTTACTTTTATATCATCCA	23390.0	23390.0	EXACT_MATCH
ATGTTACATGATAGTACCGATCAAAATAAA	u	CAATGTTATGGAAAACAATTCCTGAACAAAACTGCGGAGATCGTGATGCACTCCACTTTTGCTCTGG	4194.0	61880.0	EXACT_MATCH
CCCTCTACCATGAAATAAATACAATAAACC	u	CAATGTTATGGAAAACAATTCCTGAACAAAACTGCGGAGATCGTGATGCACTCCACTTTTGCTCTGG	7231.0	61880.0	EXACT_MATCH
GCACGAAAACGTTCAGCATCATTATGATAT	u	CAATGTTATGGAAAACAATTCCTGAACAAAACTGCGGAGATCGTGATGCACTCCACTTTTGCTCTGG	8043.0	61880.0	EXACT_MATCH
GGCCCGTCCGAGAAATTTCCGAGGCCCCAG	u	CAATGTTATGGAAAACAATTCCTGAACAAAACTGCGGAGATCGTGATGCACTCCACTTTTGCTCTGG	6489.0	61880.0	EXACT_MATCH
GTTTAGAAAAATCATCGAAATAATTACTGG	u	CAATGTTATGGAAAACAATTCCTGAACAAAACTGCGGAGATCGTGATGCACTCCACTTTTGCTCTGG	15883.0	61880.0	EXACT_MATCH
TACCACGATCCGGTAGCAGATGAGGCGATA	u	CAATGTTATGGAAAACAATTCCTGAACAAAACTGCGGAGATCGTGATGCACTCCACTTTTGCTCTGG	8061.0	61880.0	EXACT_MATCH
TGAAAAACCACCTGTGGGACTGTCCCCAGC	u	CAATGTTATGGAAAACAATTCCTGAACAAAACTGCGGAGATCGTGATGCACTCCACTTTTGCTCTGG	11979.0	61880.0	EXACT_MATCH
AAAGGAACCGTCCCTAGCTGACGATTCCAG	u	CACGCTTGACTTCCGTGTGACCATGGATCTCCGCAGTTGCCACGCGGTTGCGGAGCATGTTGGATAT	26165.0	121274.0	EXACT_MATCH
AACCTGAAAAAGAGCAGCACCTAACAAAAT	u	CACGCTTGACTTCCGTGTGACCATGGATCTCCGCAGTTGCCACGCGGTTGCGGAGCATGTTGGATAT	13353.0	121274.0	EXACT_MATCH
AAGAGCTGATGGCCAGCGTGCAAAAGTGGG	u	CACGCTTGACTTCCGTGTGACCATGGATCTCCGCAGTTGCCACGCGGTTGCGGAGCATGTTGGATAT	3727.0	121274.0	EXACT_MATCH
AGGTACTCACCTCTAGCTCACCGTCGCAG	u	CACGCTTGACTTCCGTGTGACCATGGATCTCCGCAGTTGCCACGCGGTTGCGGAGCATGTTGGATAT	4073.0	121274.0	EXACT_MATCH
CAAATCTGAACTATTTCTGAAACAAAGCAC	u	CACGCTTGACTTCCGTGTGACCATGGATCTCCGCAGTTGCCACGCGGTTGCGGAGCATGTTGGATAT	695.0	121274.0	EXACT_MATCH
CCAATCCCAAGAATAAGTCAAAATAACCCA	u	CACGCTTGACTTCCGTGTGACCATGGATCTCCGCAGTTGCCACGCGGTTGCGGAGCATGTTGGATAT	2735.0	121274.0	EXACT_MATCH
CGAGGAAAAAAGCCCCTTAGGTATCCAAAC	u	CACGCTTGACTTCCGTGTGACCATGGATCTCCGCAGTTGCCACGCGGTTGCGGAGCATGTTGGATAT	4578.0	121274.0	EXACT_MATCH
GCGAAATAAACGAAGTCAAAGAGTTAAAAC	u	CACGCTTGACTTCCGTGTGACCATGGATCTCCGCAGTTGCCACGCGGTTGCGGAGCATGTTGGATAT	9358.0	121274.0	EXACT_MATCH
GGCATATTATTCACCCCCGGACGACACCT	u	CACGCTTGACTTCCGTGTGACCATGGATCTCCGCAGTTGCCACGCGGTTGCGGAGCATGTTGGATAT	15713.0	121274.0	EXACT_MATCH
TATTACTTCAACAAAGCTCACTAACCGCAA	u	CACGCTTGACTTCCGTGTGACCATGGATCTCCGCAGTTGCCACGCGGTTGCGGAGCATGTTGGATAT	3504.0	121274.0	EXACT_MATCH
TCCTAGAGGGTAGTTAGAAAGGTAAATATT	u	CACGCTTGACTTCCGTGTGACCATGGATCTCCGCAGTTGCCACGCGGTTGCGGAGCATGTTGGATAT	23374.0	121274.0	EXACT_MATCH
TCGTACAGCCTAAATGGCATCTAACAACGG	u	CACGCTTGACTTCCGTGTGACCATGGATCTCCGCAGTTGCCACGCGGTTGCGGAGCATGTTGGATAT	13999.0	121274.0	EXACT_MATCH
AGAACATTGATCAGGAAATGTGTATACCAT	u	CACGGAACATCCGCCGGAACTCGACCCGGTACTGCGGGTTCAGGAACCCGTACAACAACGGGTTCAA	1325.0	5027.0	EXACT_MATCH
TGAAATACAGACGAACAATCGAGATACGAG	u	CACGGAACATCCGCCGGAACTCGACCCGGTACTGCGGGTTCAGGAACCCGTACAACAACGGGTTCAA	3702.0	5027.0	EXACT_MATCH
AAGAGCGATTAAGAGCAAACTACGAATTAA	u	CAGGCACACAAGTGAGACAAAGGTTCCACAACTGCGGATTGCAACCGGATGCTGAATCACGACCTTG	6342.0	78074.0	EXACT_MATCH
AGAACAACTAAATCATGAAAGCATAATAAA	u	CAGGCACACAAGTGAGACAAAGGTTCCACAACTGCGGATTGCAACCGGATGCTGAATCACGACCTTG	26982.0	78074.0	EXACT_MATCH
AGTTACAGATATGATAAGTCGGAACCCGAG	u	CAGGCACACAAGTGAGACAAAGGTTCCACAACTGCGGATTGCAACCGGATGCTGAATCACGACCTTG	1516.0	78074.0	EXACT_MATCH
ATTAATTACGCCTCACTAGCATGCAACAAC	u	CAGGCACACAAGTGAGACAAAGGTTCCACAACTGCGGATTGCAACCGGATGCTGAATCACGACCTTG	15540.0	78074.0	EXACT_MATCH
GCAGGAATCTACTTACGACGATCTCCCATA	u	CAGGCACACAAGTGAGACAAAGGTTCCACAACTGCGGATTGCAACCGGATGCTGAATCACGACCTTG	9572.0	78074.0	EXACT_MATCH
TATAACCTCCTCTATCCGAATCTGACGAGT	u	CAGGCACACAAGTGAGACAAAGGTTCCACAACTGCGGATTGCAACCGGATGCTGAATCACGACCTTG	1865.0	78074.0	EXACT_MATCH
TATCCAGGAAACCCAAGGGTGTATACCGAA	u	CAGGCACACAAGTGAGACAAAGGTTCCACAACTGCGGATTGCAACCGGATGCTGAATCACGACCTTG	552.0	78074.0	EXACT_MATCH
TGACAAAAAGATATCAGCTCAAGCCCATAA	u	CAGGCACACAAGTGAGACAAAGGTTCCACAACTGCGGATTGCAACCGGATGCTGAATCACGACCTTG	10559.0	78074.0	EXACT_MATCH
TGGACCCATGATATGCAAAGCCGGGGGGTA	u	CAGGCACACAAGTGAGACAAAGGTTCCACAACTGCGGATTGCAACCGGATGCTGAATCACGACCTTG	1245.0	78074.0	EXACT_MATCH
TTGTGCAAAAACAACACCGGACGAAATTAG	u	CAGGCACACAAGTGAGACAAAGGTTCCACAACTGCGGATTGCAACCGGATGCTGAATCACGACCTTG	3901.0	78074.0	EXACT_MATCH
AAAAAAGAAAGGAGACTAAGGAACCAACTC	u	CAGTTGCAAAGTAAGACATAGGAATATAGTACTGCGGGGTAAAATGGGATACTGTTTGAACCCAATT	3177.0	53368.0	EXACT_MATCH
AAAAGCGAAAACTGGTCACACTTCATAACA	u	CAGTTGCAAAGTAAGACATAGGAATATAGTACTGCGGGGTAAAATGGGATACTGTTTGAACCCAATT	3787.0	53368.0	EXACT_MATCH
ACTAATAGTGACTAAATACATATGCTAAGC	u	CAGTTGCAAAGTAAGACATAGGAATATAGTACTGCGGGGTAAAATGGGATACTGTTTGAACCCAATT	378.0	53368.0	EXACT_MATCH
AGAAGCAACCAAATGATACAAGTGAATAAA	u	CAGTTGCAAAGTAAGACATAGGAATATAGTACTGCGGGGTAAAATGGGATACTGTTTGAACCCAATT	3737.0	53368.0	EXACT_MATCH
ATTTTACACATATATTAATAAAAGACAACA	u	CAGTTGCAAAGTAAGACATAGGAATATAGTACTGCGGGGTAAAATGGGATACTGTTTGAACCCAATT	3381.0	53368.0	EXACT_MATCH
CAACGGGACCACAGCCGGCTAAAGCTTCGT	u	CAGTTGCAAAGTAAGACATAGGAATATAGTACTGCGGGGTAAAATGGGATACTGTTTGAACCCAATT	25462.0	53368.0	EXACT_MATCH
CGAGGCCAGCAGCTACGCCCCGGTCCGGTT	u	CAGTTGCAAAGTAAGACATAGGAATATAGTACTGCGGGGTAAAATGGGATACTGTTTGAACCCAATT	1489.0	53368.0	EXACT_MATCH
GCCAAATCAACGAAAAGTAATTCGAAAAAA	u	CAGTTGCAAAGTAAGACATAGGAATATAGTACTGCGGGGTAAAATGGGATACTGTTTGAACCCAATT	11281.0	53368.0	EXACT_MATCH
TCGAATAAAAAAAAAGAAAAAAAAAATTAC	u	CAGTTGCAAAGTAAGACATAGGAATATAGTACTGCGGGGTAAAATGGGATACTGTTTGAACCCAATT	676.0	53368.0	EXACT_MATCH
AGGCAACTGGCTAATTGCTGCCGCACAAAA	u	CATTATTTGCTAACGGTATCCCATTTTACCCCGCAGTATTATATTCCATTATTCCCCAGCATTAATC	8014.0	29227.0	EXACT_MATCH
CACAAAACACTGAATGCCGAGAAAAGTTAA	u	CATTATTTGCTAACGGTATCCCATTTTACCCCGCAGTATTATATTCCATTATTCCCCAGCATTAATC	6587.0	29227.0	EXACT_MATCH
CACAAATAAAACTTCCCACGCTTCGTGACG	u	CATTATTTGCTAACGGTATCCCATTTTACCCCGCAGTATTATATTCCATTATTCCCCAGCATTAATC	3429.0	29227.0	EXACT_MATCH
GAAGATGAAATTATTATAGGTACACATTCC	u	CATTATTTGCTAACGGTATCCCATTTTACCCCGCAGTATTATATTCCATTATTCCCCAGCATTAATC	9504.0	29227.0	EXACT_MATCH
TAAAAAATAACTAACAGAAGTAAATAACGA	u	CATTATTTGCTAACGGTATCCCATTTTACCCCGCAGTATTATATTCCATTATTCCCCAGCATTAATC	1693.0	29227.0	EXACT_MATCH
AAAAAAAAATAACTGGCAAAGAGGAAAATG	u	CCAACTATCCGATCCGATATCCGGAAAGAGCCCGCTGTGATTGGCTGATTCGGGCACCGAATGTTAATG	13516.0	143981.0	EXACT_MATCH
AAAAATCTCTGTTTATAAACTACGAAACAA	u	CCAACTATCCGATCCGATATCCGGAAAGAGCCCGCTGTGATTGGCTGATTCGGGCACCGAATGTTAATG	7463.0	143981.0	EXACT_MATCH
AAAGAGGTACATAAACGACATAGAATTCGG	u	CCAACTATCCGATCCGATATCCGGAAAGAGCCCGCTGTGATTGGCTGATTCGGGCACCGAATGTTAATG	577.0	143981.0	EXACT_MATCH
ACGCAATATCTAAGACCGATGTGAAACCTA	u	CCAACTATCCGATCCGATATCCGGAAAGAGCCCGCTGTGATTGGCTGATTCGGGCACCGAATGTTAATG	7613.0	143981.0	EXACT_MATCH
ACGCGGTTCAATAGAAGCACCAAGGCACCT	u	CCAACTATCCGATCCGATATCCGGAAAGAGCCCGCTGTGATTGGCTGATTCGGGCACCGAATGTTAATG	17916.0	143981.0	EXACT_MATCH
ATGAGATCAAGGGAACGGAAACCGGATTGA	u	CCAACTATCCGATCCGATATCCGGAAAGAGCCCGCTGTGATTGGCTGATTCGGGCACCGAATGTTAATG	4165.0	143981.0	EXACT_MATCH
CAATTATAACTAAGGCATATAAAACCAAAA	u	CCAACTATCCGATCCGATATCCGGAAAGAGCCCGCTGTGATTGGCTGATTCGGGCACCGAATGTTAATG	10859.0	143981.0	EXACT_MATCH
CACGTATTGGCAAGCTGCAAAGAAGAGCAA	u	CCAACTATCCGATCCGATATCCGGAAAGAGCCCGCTGTGATTGGCTGATTCGGGCACCGAATGTTAATG	15559.0	143981.0	EXACT_MATCH
CATACGCTAAGGACTAACTCAAGGCAAAAG	u	CCAACTATCCGATCCGATATCCGGAAAGAGCCCGCTGTGATTGGCTGATTCGGGCACCGAATGTTAATG	2613.0	143981.0	EXACT_MATCH
CCACACGTGAAAGAACTCACCCATAGGAAA	u	CCAACTATCCGATCCGATATCCGGAAAGAGCCCGCTGTGATTGGCTGATTCGGGCACCGAATGTTAATG	28558.0	143981.0	EXACT_MATCH
CGCAATCTAAAAACAAGAAAAAGACGGAAG	u	CCAACTATCCGATCCGATATCCGGAAAGAGCCCGCTGTGATTGGCTGATTCGGGCACCGAATGTTAATG	4828.0	143981.0	EXACT_MATCH
GAATATATAAGATAGAGACACCTGAAAGAA	u	CCAACTATCCGATCCGATATCCGGAAAGAGCCCGCTGTGATTGGCTGATTCGGGCACCGAATGTTAATG	2810.0	143981.0	EXACT_MATCH
TAATGAACAGACAAACACAGATAACAAGAA	u	CCAACTATCCGATCCGATATCCGGAAAGAGCCCGCTGTGATTGGCTGATTCGGGCACCGAATGTTAATG	9007.0	143981.0	EXACT_MATCH
TCAAAAACTATCTTCATCTCATCGAATAAT	u	CCAACTATCCGATCCGATATCCGGAAAGAGCCCGCTGTGATTGGCTGATTCGGGCACCGAATGTTAATG	12188.0	143981.0	EXACT_MATCH
TGCACAGAATGTCCAACAGACAAGGACGTG	u	CCAACTATCCGATCCGATATCCGGAAAGAGCCCGCTGTGATTGGCTGATTCGGGCACCGAATGTTAATG	6309.0	143981.0	EXACT_MATCH
AAATTTACAGAAAGGGGTGGCCAGAAGAAA	u	CCCATGGGAGCCTGGATTAGTGGAAAGTCCCACAGCGGGGTTAGGCATATACATTCTTTGGAAAATTAT	12491.0	75491.0	EXACT_MATCH
AAGTTCAGAATTCTGGGTTCGAGCGCAATT	u	CCCATGGGAGCCTGGATTAGTGGAAAGTCCCACAGCGGGGTTAGGCATATACATTCTTTGGAAAATTAT	6977.0	75491.0	EXACT_MATCH
AATCTATGTTCGATTGACGTTGGTCATCCG	u	CCCATGGGAGCCTGGATTAGTGGAAAGTCCCACAGCGGGGTTAGGCATATACATTCTTTGGAAAATTAT	3651.0	75491.0	EXACT_MATCH
ACGTTTCAAAAGAGATTTCCCAGGAATAGA	u	CCCATGGGAGCCTGGATTAGTGGAAAGTCCCACAGCGGGGTTAGGCATATACATTCTTTGGAAAATTAT	4643.0	75491.0	EXACT_MATCH
CTAAATCGTAGCCGTAGCCTCAGCCAGGAC	u	CCCATGGGAGCCTGGATTAGTGGAAAGTCCCACAGCGGGGTTAGGCATATACATTCTTTGGAAAATTAT	11309.0	75491.0	EXACT_MATCH
CTACATGGTAAAACATAATGGATCATGCCT	u	CCCATGGGAGCCTGGATTAGTGGAAAGTCCCACAGCGGGGTTAGGCATATACATTCTTTGGAAAATTAT	3749.0	75491.0	EXACT_MATCH
GAAAACCTAGAATCCGTAGGAAAGCCAGGA	u	CCCATGGGAGCCTGGATTAGTGGAAAGTCCCACAGCGGGGTTAGGCATATACATTCTTTGGAAAATTAT	5218.0	75491.0	EXACT_MATCH
GAACTAATGTCTTCCCACCCTTTGACACCC	u	CCCATGGGAGCCTGGATTAGTGGAAAGTCCCACAGCGGGGTTAGGCATATACATTCTTTGGAAAATTAT	9870.0	75491.0	EXACT_MATCH
GAGCATGAAAAACGAAAGATTGTATACGAT	u	CCCATGGGAGCCTGGATTAGTGGAAAGTCCCACAGCGGGGTTAGGCATATACATTCTTTGGAAAATTAT	417.0	75491.0	EXACT_MATCH
TAGTTAGCAGTTATCCACACCGGGCATATA	u	CCCATGGGAGCCTGGATTAGTGGAAAGTCCCACAGCGGGGTTAGGCATATACATTCTTTGGAAAATTAT	16214.0	75491.0	EXACT_MATCH
TTAGACGAACGGAAAAAAACAATAAATAAG	u	CCCATGGGAGCCTGGATTAGTGGAAAGTCCCACAGCGGGGTTAGGCATATACATTCTTTGGAAAATTAT	952.0	75491.0	EXACT_MATCH
AAAGCGAATACGGGCAGATATCAGAACTGA	u	CCCCGGTATATTCACCGACAAATACGTAACGACTGCGGATCAAATTTCCATTCCTTCGCACATTTTTG	3976.0	176924.0	EXACT_MATCH
AAATTAAGTTCAAACACTAGGAAATGTGAA	u	CCCCGGTATATTCACCGACAAATACGTAACGACTGCGGATCAAATTTCCATTCCTTCGCACATTTTTG	5607.0	176924.0	EXACT_MATCH
AACAGTCCACGTATTCTGACGAAGATCCTA	u	CCCCGGTATATTCACCGACAAATACGTAACGACTGCGGATCAAATTTCCATTCCTTCGCACATTTTTG	6705.0	176924.0	EXACT_MATCH
AAGAAGTCACCGGAAAACCCAGAGCGTTCG	u	CCCCGGTATATTCACCGACAAATACGTAACGACTGCGGATCAAATTTCCATTCCTTCGCACATTTTTG	716.0	176924.0	EXACT_MATCH
AAGCAAAATTCAGATTACAGAATTTGGACA	u	CCCCGGTATATTCACCGACAAATACGTAACGACTGCGGATCAAATTTCCATTCCTTCGCACATTTTTG	2245.0	176924.0	EXACT_MATCH
ACATTAGGGAAATTCCCTCCTAAACATACT	u	CCCCGGTATATTCACCGACAAATACGTAACGACTGCGGATCAAATTTCCATTCCTTCGCACATTTTTG	8569.0	176924.0	EXACT_MATCH
ACTGACGATTAACATGCAAGGTTCCAGTC	u	CCCCGGTATATTCACCGACAAATACGTAACGACTGCGGATCAAATTTCCATTCCTTCGCACATTTTTG	2597.0	176924.0	EXACT_MATCH
AGAAAAAACTCTTTTTCCTTAAGAACACCT	u	CCCCGGTATATTCACCGACAAATACGTAACGACTGCGGATCAAATTTCCATTCCTTCGCACATTTTTG	27737.0	176924.0	EXACT_MATCH
AGAGGGGGCACTGCGTTACGGCCCCAAACA	u	CCCCGGTATATTCACCGACAAATACGTAACGACTGCGGATCAAATTTCCATTCCTTCGCACATTTTTG	11280.0	176924.0	EXACT_MATCH
AGCAAATGCAAGAAACCGACGCATCCATAT	u	CCCCGGTATATTCACCGACAAATACGTAACGACTGCGGATCAAATTTCCATTCCTTCGCACATTTTTG	3532.0	176924.0	EXACT_MATCH
AGTACGTTTAGTAGTACCGGCAGACCAAAA	u	CCCCGGTATATTCACCGACAAATACGTAACGACTGCGGATCAAATTTCCATTCCTTCGCACATTTTTG	10209.0	176924.0	EXACT_MATCH
ATATCTCCACTGTAAATAAAATGTACATCA	u	CCCCGGTATATTCACCGACAAATACGTAACGACTGCGGATCAAATTTCCATTCCTTCGCACATTTTTG	6188.0	176924.0	EXACT_MATCH
CAAAGTAGATGATTCCGAGAGACACCAAAT	u	CCCCGGTATATTCACCGACAAATACGTAACGACTGCGGATCAAATTTCCATTCCTTCGCACATTTTTG	3033.0	176924.0	EXACT_MATCH
CAGAGCCCCGGTGCATCATTGATCCCAAAC	u	CCCCGGTATATTCACCGACAAATACGTAACGACTGCGGATCAAATTTCCATTCCTTCGCACATTTTTG	6895.0	176924.0	EXACT_MATCH
CCCTAATATATCTGAACCGAACTGCCGAAA	u	CCCCGGTATATTCACCGACAAATACGTAACGACTGCGGATCAAATTTCCATTCCTTCGCACATTTTTG	9325.0	176924.0	EXACT_MATCH
CCTCGGTCACGCTGAAAAGAACCTCAACG	u	CCCCGGTATATTCACCGACAAATACGTAACGACTGCGGATCAAATTTCCATTCCTTCGCACATTTTTG	1357.0	176924.0	EXACT_MATCH
GAACGTAAAAAGAAGAAAAATACGCTGAAA	u	CCCCGGTATATTCACCGACAAATACGTAACGACTGCGGATCAAATTTCCATTCCTTCGCACATTTTTG	3257.0	176924.0	EXACT_MATCH
GAATCGAATACCGATCATGCTCACTACATC	u	CCCCGGTATATTCACCGACAAATACGTAACGACTGCGGATCAAATTTCCATTCCTTCGCACATTTTTG	20854.0	176924.0	EXACT_MATCH
GATAATCCGGAGCACCGAATAAACAATACC	u	CCCCGGTATATTCACCGACAAATACGTAACGACTGCGGATCAAATTTCCATTCCTTCGCACATTTTTG	2390.0	176924.0	EXACT_MATCH
GATACTTATGATCCCTGGCACAGACAACGC	u	CCCCGGTATATTCACCGACAAATACGTAACGACTGCGGATCAAATTTCCATTCCTTCGCACATTTTTG	16637.0	176924.0	EXACT_MATCH
GTAACAACTACATTATAAAACATTCAGAAC	u	CCCCGGTATATTCACCGACAAATACGTAACGACTGCGGATCAAATTTCCATTCCTTCGCACATTTTTG	3005.0	176924.0	EXACT_MATCH
TAAAGTCCCCGCGGTCGGGACACGATCATA	u	CCCCGGTATATTCACCGACAAATACGTAACGACTGCGGATCAAATTTCCATTCCTTCGCACATTTTTG	12275.0	176924.0	EXACT_MATCH
TACAATAAACTTAAGGTATAAATATCAAAT	u	CCCCGGTATATTCACCGACAAATACGTAACGACTGCGGATCAAATTTCCATTCCTTCGCACATTTTTG	3770.0	176924.0	EXACT_MATCH
TATATGAAAAAGAATCCAGAGTATTAATAA	u	CCCCGGTATATTCACCGACAAATACGTAACGACTGCGGATCAAATTTCCATTCCTTCGCACATTTTTG	4765.0	176924.0	EXACT_MATCH
AATAACAGAAAACGTGCGTAACAAAAGAAG	u	CCGATGCCCGGAATATAAGCTCGCCGACTTCAGCTGTGGAAATTAACACAACATCGGGAATTGATATG	3154.0	56707.0	EXACT_MATCH
ATTAACAGAAAGGCAACCTGGAGTCATTCG	u	CCGATGCCCGGAATATAAGCTCGCCGACTTCAGCTGTGGAAATTAACACAACATCGGGAATTGATATG	2363.0	56707.0	EXACT_MATCH
CAAAAGACACTATCGGCATAGATTACGACT	u	CCGATGCCCGGAATATAAGCTCGCCGACTTCAGCTGTGGAAATTAACACAACATCGGGAATTGATATG	16640.0	56707.0	EXACT_MATCH
CAGTATATCAAAAAACAAGGGACTTATGGG	u	CCGATGCCCGGAATATAAGCTCGCCGACTTCAGCTGTGGAAATTAACACAACATCGGGAATTGATATG	19643.0	56707.0	EXACT_MATCH
GATAATGAAAGTAACCAACACGAACCTGA	u	CCGATGCCCGGAATATAAGCTCGCCGACTTCAGCTGTGGAAATTAACACAACATCGGGAATTGATATG	7322.0	56707.0	EXACT_MATCH
TTCAACTGCAAATTAAAAACGTTTATTATC	u	CCGATGCCCGGAATATAAGCTCGCCGACTTCAGCTGTGGAAATTAACACAACATCGGGAATTGATATG	3183.0	56707.0	EXACT_MATCH
TTGAATGTAAAGACTTACAGCCAATGTAAG	u	CCGATGCCCGGAATATAAGCTCGCCGACTTCAGCTGTGGAAATTAACACAACATCGGGAATTGATATG	4402.0	56707.0	EXACT_MATCH
ATTGAATGATACCGAACGAACAACATTACT	u	CGAAGTGGATCCAACCAGCCCAATAAATGACCGCAGTTGGTTCCTGGACCGTTGCATAAATCTCCCT	4738.0	44306.0	EXACT_MATCH
CGTATGCTGGGGAACAGAAGGGCGACATAC	u	CGAAGTGGATCCAACCAGCCCAATAAATGACCGCAGTTGGTTCCTGGACCGTTGCATAAATCTCCCT	5814.0	44306.0	EXACT_MATCH
GATAACACCACACTGGGAAAAGCAGATCAA	u	CGAAGTGGATCCAACCAGCCCAATAAATGACCGCAGTTGGTTCCTGGACCGTTGCATAAATCTCCCT	17564.0	44306.0	EXACT_MATCH
TCCAACATAACAGCATGGCCAAACGGTAGA	u	CGAAGTGGATCCAACCAGCCCAATAAATGACCGCAGTTGGTTCCTGGACCGTTGCATAAATCTCCCT	10041.0	44306.0	EXACT_MATCH
TCGATGCGAAATAACATCAAGAGAATTTCA	u	CGAAGTGGATCCAACCAGCCCAATAAATGACCGCAGTTGGTTCCTGGACCGTTGCATAAATCTCCCT	6149.0	44306.0	EXACT_MATCH
AATTCCGGGTCATCATAATAGAGCCCTACC	u	CGCGCCAGGGAAAACTGCCGGGAAAATACAACTGCGGACCAGATTTTTGTTTTTTACATGCCTGTTC	8035.0	22713.0	EXACT_MATCH
AGTACGACAGACTCCCTTACTAACTCCACA	u	CGCGCCAGGGAAAACTGCCGGGAAAATACAACTGCGGACCAGATTTTTGTTTTTTACATGCCTGTTC	9048.0	22713.0	EXACT_MATCH
GACCGTAGTAAAAACCAGGATTACCCAAAG	u	CGCGCCAGGGAAAACTGCCGGGAAAATACAACTGCGGACCAGATTTTTGTTTTTTACATGCCTGTTC	5630.0	22713.0	EXACT_MATCH
AATCCCCACTCCGAACATCACGAAACATTA	u	CTAATTTGCATACGGAACTTATCCTTATATCCGCAGTGGCTTTAAGAAAATTTTCACGGTTGTGCTT	5490.0	7945.0	EXACT_MATCH
CATCCGTAATTAGCGATTTTGCAATCTGGT	u	CTAATTTGCATACGGAACTTATCCTTATATCCGCAGTGGCTTTAAGAAAATTTTCACGGTTGTGCTT	2455.0	7945.0	EXACT_MATCH
AAGAAAAAAATAACCATGATCTCGAACTAT	u	CTCACTTACCAGTCCACTACATACAGAGAGCACAGCTGTGTGTTCCGGCCGTTCATTTACATATCCGG	1844.0	27691.0	EXACT_MATCH
AAGATTTATCAACGTCAACAAAAACCCAAG	u	CTCACTTACCAGTCCACTACATACAGAGAGCACAGCTGTGTGTTCCGGCCGTTCATTTACATATCCGG	741.0	27691.0	EXACT_MATCH
ACGGCACCGTTAGACCAAGACGAATTGGAC	u	CTCACTTACCAGTCCACTACATACAGAGAGCACAGCTGTGTGTTCCGGCCGTTCATTTACATATCCGG	1261.0	27691.0	EXACT_MATCH
ACTTAAAACAGTAGGGTTCAATGGAACAAA	u	CTCACTTACCAGTCCACTACATACAGAGAGCACAGCTGTGTGTTCCGGCCGTTCATTTACATATCCGG	3019.0	27691.0	EXACT_MATCH
ATAAGAGCCTACAGCGAGGGAATTTAAAAG	u	CTCACTTACCAGTCCACTACATACAGAGAGCACAGCTGTGTGTTCCGGCCGTTCATTTACATATCCGG	2185.0	27691.0	EXACT_MATCH
CGCTAAGGGGAGATCCCTTAACCTTAGGAT	u	CTCACTTACCAGTCCACTACATACAGAGAGCACAGCTGTGTGTTCCGGCCGTTCATTTACATATCCGG	513.0	27691.0	EXACT_MATCH
GAAAAATAGCGCGATTCAATTTTGAAAATT	u	CTCACTTACCAGTCCACTACATACAGAGAGCACAGCTGTGTGTTCCGGCCGTTCATTTACATATCCGG	2773.0	27691.0	EXACT_MATCH
GAATACGTGGAAACACCGGGAAGAAGCAGG	u	CTCACTTACCAGTCCACTACATACAGAGAGCACAGCTGTGTGTTCCGGCCGTTCATTTACATATCCGG	1644.0	27691.0	EXACT_MATCH
GATAAGATCTCGGAACGATGGAAAATACCC	u	CTCACTTACCAGTCCACTACATACAGAGAGCACAGCTGTGTGTTCCGGCCGTTCATTTACATATCCGG	4040.0	27691.0	EXACT_MATCH
GATATAAAAATAATAAGAAATTACAAATCC	u	CTCACTTACCAGTCCACTACATACAGAGAGCACAGCTGTGTGTTCCGGCCGTTCATTTACATATCCGG	354.0	27691.0	EXACT_MATCH
TACAGATGGCAGAAACACACGATAAACATC	u	CTCACTTACCAGTCCACTACATACAGAGAGCACAGCTGTGTGTTCCGGCCGTTCATTTACATATCCGG	8631.0	27691.0	EXACT_MATCH
TGCAGTGATAAATACACCCAATAAGGACTG	u	CTCACTTACCAGTCCACTACATACAGAGAGCACAGCTGTGTGTTCCGGCCGTTCATTTACATATCCGG	686.0	27691.0	EXACT_MATCH
AAAAAACTAAGTGGATTTTAAGTATTAGAC	u	CTGAAGATTTGAAATCCCATGGAAGTGAACCACAGCTGCCAACACTACAAGGATATGGAATATTTGGT	4804.0	152166.0	EXACT_MATCH
AAAGCACCCAGAAACAGAAACTACCAAACG	u	CTGAAGATTTGAAATCCCATGGAAGTGAACCACAGCTGCCAACACTACAAGGATATGGAATATTTGGT	29506.0	152166.0	EXACT_MATCH
ACAACGGTAAGAAGGAGCAAACGCGACAAC	u	CTGAAGATTTGAAATCCCATGGAAGTGAACCACAGCTGCCAACACTACAAGGATATGGAATATTTGGT	7267.0	152166.0	EXACT_MATCH
ATAAGAAGACTTAGTGAACCAGAAAATAGA	u	CTGAAGATTTGAAATCCCATGGAAGTGAACCACAGCTGCCAACACTACAAGGATATGGAATATTTGGT	6385.0	152166.0	EXACT_MATCH
ATACAAAAACTAAACAGACATGGTACAGAA	u	CTGAAGATTTGAAATCCCATGGAAGTGAACCACAGCTGCCAACACTACAAGGATATGGAATATTTGGT	11001.0	152166.0	EXACT_MATCH
CAAAAAGAAGATTGTAAGCGCCAGTATCCG	u	CTGAAGATTTGAAATCCCATGGAAGTGAACCACAGCTGCCAACACTACAAGGATATGGAATATTTGGT	20193.0	152166.0	EXACT_MATCH
CAACTCCAGGAAAGTTCGAGAGATGATAAT	u	CTGAAGATTTGAAATCCCATGGAAGTGAACCACAGCTGCCAACACTACAAGGATATGGAATATTTGGT	1124.0	152166.0	EXACT_MATCH
CAATTAACAAATCCCAAGAAATGTAAAAAC	u	CTGAAGATTTGAAATCCCATGGAAGTGAACCACAGCTGCCAACACTACAAGGATATGGAATATTTGGT	5698.0	152166.0	EXACT_MATCH
GCCATAATATCTAAATCTTAAACACACCCT	u	CTGAAGATTTGAAATCCCATGGAAGTGAACCACAGCTGCCAACACTACAAGGATATGGAATATTTGGT	16729.0	152166.0	EXACT_MATCH
TAAGCCTGAGCTGGACACTCAAAAATACCC	u	CTGAAGATTTGAAATCCCATGGAAGTGAACCACAGCTGCCAACACTACAAGGATATGGAATATTTGGT	39041.0	152166.0	EXACT_MATCH
TATACCAAGTCCCGTCAACAAAAAGATCAA	u	CTGAAGATTTGAAATCCCATGGAAGTGAACCACAGCTGCCAACACTACAAGGATATGGAATATTTGGT	6127.0	152166.0	EXACT_MATCH
TATCATTAAGGACATTCAATTAAGTTGAGA	u	CTGAAGATTTGAAATCCCATGGAAGTGAACCACAGCTGCCAACACTACAAGGATATGGAATATTTGGT	4291.0	152166.0	EXACT_MATCH
CACAAAGGTGACAGGGATTCCGCCCTATAA	u	CTGAGAGGAATTTACTAGGTTTCTAGAAGACAGCTGTGACTTAATTCCTCTGTGGTTTTGTATTTGCC	4200.0	28403.0	EXACT_MATCH
CTACCGGCTAAAAAATGAGACAGAAACTGT	u	CTGAGAGGAATTTACTAGGTTTCTAGAAGACAGCTGTGACTTAATTCCTCTGTGGTTTTGTATTTGCC	24203.0	28403.0	EXACT_MATCH
AAACTCAACGCGACAGCCAGTGCGAATCCG	u	CTTCAAACTTGTCCGAATCATCCGTTGTGTCCGCTGTGTCAATCGCTTCCAACTCCCAAACCTGAACG	871.0	14679.0	EXACT_MATCH
ACCCACACATGACCCGCAGGCCGAACAATT	u	CTTCAAACTTGTCCGAATCATCCGTTGTGTCCGCTGTGTCAATCGCTTCCAACTCCCAAACCTGAACG	192.0	14679.0	EXACT_MATCH
AGAATAAACTGATGAAATTTATTAGATCCG	u	CTTCAAACTTGTCCGAATCATCCGTTGTGTCCGCTGTGTCAATCGCTTCCAACTCCCAAACCTGAACG	161.0	14679.0	EXACT_MATCH
CAAAATAGAAATAAACCTTATAAAACAACA	u	CTTCAAACTTGTCCGAATCATCCGTTGTGTCCGCTGTGTCAATCGCTTCCAACTCCCAAACCTGAACG	8310.0	14679.0	EXACT_MATCH
GAATTGGAGATGAGCAGAAGAAAATAACTG	u	CTTCAAACTTGTCCGAATCATCCGTTGTGTCCGCTGTGTCAATCGCTTCCAACTCCCAAACCTGAACG	244.0	14679.0	EXACT_MATCH
GTTTCCCTAGATTATTCAGAATTGGCCATT	u	CTTCAAACTTGTCCGAATCATCCGTTGTGTCCGCTGTGTCAATCGCTTCCAACTCCCAAACCTGAACG	284.0	14679.0	EXACT_MATCH
TTCACACTTTATACACGAAAACCACTCACC	u	CTTCAAACTTGTCCGAATCATCCGTTGTGTCCGCTGTGTCAATCGCTTCCAACTCCCAAACCTGAACG	4617.0	14679.0	EXACT_MATCH
AAAAAAAAAAAGTGACTCACAAACAAGTAT	u	CTTCGTCTGATCCAGCAACGAAAGCGATCTGACTGCGGTCCTATCCCATCCTATGTCGTGACATGTTG	2063.0	108617.0	EXACT_MATCH
AAAAACAACAGACATCCCGAAGGATTACTC	u	CTTCGTCTGATCCAGCAACGAAAGCGATCTGACTGCGGTCCTATCCCATCCTATGTCGTGACATGTTG	7634.0	108617.0	EXACT_MATCH
AAAAAGTTGATGTACTCCCAAACAAAATTT	u	CTTCGTCTGATCCAGCAACGAAAGCGATCTGACTGCGGTCCTATCCCATCCTATGTCGTGACATGTTG	1068.0	108617.0	EXACT_MATCH
AAAAGTAAATAAGTTAAGGAGAAATCCCAC	u	CTTCGTCTGATCCAGCAACGAAAGCGATCTGACTGCGGTCCTATCCCATCCTATGTCGTGACATGTTG	702.0	108617.0	EXACT_MATCH
AAATAACAAAAAAAGAAAAGAACACTAAAT	u	CTTCGTCTGATCCAGCAACGAAAGCGATCTGACTGCGGTCCTATCCCATCCTATGTCGTGACATGTTG	5094.0	108617.0	EXACT_MATCH
AACAACAACCCACACGTCGACACCCCGCGC	u	CTTCGTCTGATCCAGCAACGAAAGCGATCTGACTGCGGTCCTATCCCATCCTATGTCGTGACATGTTG	2062.0	108617.0	EXACT_MATCH
AAGCGGCATGAGATAACTACCGATAGATCC	u	CTTCGTCTGATCCAGCAACGAAAGCGATCTGACTGCGGTCCTATCCCATCCTATGTCGTGACATGTTG	2796.0	108617.0	EXACT_MATCH
AGATATACTTCAGAACAAGAGACTCAAGAG	u	CTTCGTCTGATCCAGCAACGAAAGCGATCTGACTGCGGTCCTATCCCATCCTATGTCGTGACATGTTG	2429.0	108617.0	EXACT_MATCH
ATACCAAATGACTAACAATCGAGAACTCGA	u	CTTCGTCTGATCCAGCAACGAAAGCGATCTGACTGCGGTCCTATCCCATCCTATGTCGTGACATGTTG	252.0	108617.0	EXACT_MATCH
ATCAATACCACTTGAATATCAAAGAATTAG	u	CTTCGTCTGATCCAGCAACGAAAGCGATCTGACTGCGGTCCTATCCCATCCTATGTCGTGACATGTTG	3278.0	108617.0	EXACT_MATCH
ATCAGACGATAGCCCCCCGAACTGTAAGCA	u	CTTCGTCTGATCCAGCAACGAAAGCGATCTGACTGCGGTCCTATCCCATCCTATGTCGTGACATGTTG	7810.0	108617.0	EXACT_MATCH
CATACATAATAGACCTTATGAACAGGAGCT	u	CTTCGTCTGATCCAGCAACGAAAGCGATCTGACTGCGGTCCTATCCCATCCTATGTCGTGACATGTTG	1617.0	108617.0	EXACT_MATCH
CCCAATGTCTCCATCAGATTGGGCTGCTGA	u	CTTCGTCTGATCCAGCAACGAAAGCGATCTGACTGCGGTCCTATCCCATCCTATGTCGTGACATGTTG	29717.0	108617.0	EXACT_MATCH
GAAATGCTAGATGCCTAGCGCCCATCCCGA	u	CTTCGTCTGATCCAGCAACGAAAGCGATCTGACTGCGGTCCTATCCCATCCTATGTCGTGACATGTTG	10459.0	108617.0	EXACT_MATCH
GAGACTCGAAATAATAACCAGATATAAGAC	u	CTTCGTCTGATCCAGCAACGAAAGCGATCTGACTGCGGTCCTATCCCATCCTATGTCGTGACATGTTG	918.0	108617.0	EXACT_MATCH
GTCCCAGAACCTTTATTTCCCAGGAAACGG	u	CTTCGTCTGATCCAGCAACGAAAGCGATCTGACTGCGGTCCTATCCCATCCTATGTCGTGACATGTTG	2405.0	108617.0	EXACT_MATCH
TACACAGACAATATTGCATGCTGAGTACTG	u	CTTCGTCTGATCCAGCAACGAAAGCGATCTGACTGCGGTCCTATCCCATCCTATGTCGTGACATGTTG	661.0	108617.0	EXACT_MATCH
TGAGAAATCCAAATAAAAGAACCCCATAAG	u	CTTCGTCTGATCCAGCAACGAAAGCGATCTGACTGCGGTCCTATCCCATCCTATGTCGTGACATGTTG	16263.0	108617.0	EXACT_MATCH
TGGAAATAGTAAAAATCAATAACCAATAAA	u	CTTCGTCTGATCCAGCAACGAAAGCGATCTGACTGCGGTCCTATCCCATCCTATGTCGTGACATGTTG	3009.0	108617.0	EXACT_MATCH
TTCGGAAGACAAATACAGCTCATTCCGTGC	u	CTTCGTCTGATCCAGCAACGAAAGCGATCTGACTGCGGTCCTATCCCATCCTATGTCGTGACATGTTG	8380.0	108617.0	EXACT_MATCH
AAAAAAAGAACAATAAATCATCTATCGGAG	u	CTTCTTTACACAGAAGATGGTTTAGACTTCACTGCGGAACGAACCGGTGGAATAACTGCACATATCC	7704.0	173183.0	EXACT_MATCH
ACCTGTATAAGGGCACCCTTCCGGAACCAG	u	CTTCTTTACACAGAAGATGGTTTAGACTTCACTGCGGAACGAACCGGTGGAATAACTGCACATATCC	12906.0	173183.0	EXACT_MATCH
AGTTATATCATCGCCAGGACAACAGGATAC	u	CTTCTTTACACAGAAGATGGTTTAGACTTCACTGCGGAACGAACCGGTGGAATAACTGCACATATCC	9055.0	173183.0	EXACT_MATCH
ATCAACGCCGGATAAATTACTAACTAATG	u	CTTCTTTACACAGAAGATGGTTTAGACTTCACTGCGGAACGAACCGGTGGAATAACTGCACATATCC	864.0	173183.0	EXACT_MATCH
CAACTTAGATATACCGAGACAGGATAATTT	u	CTTCTTTACACAGAAGATGGTTTAGACTTCACTGCGGAACGAACCGGTGGAATAACTGCACATATCC	4559.0	173183.0	EXACT_MATCH
CACAGAAAACATTGCCGCCGGGAAAACATT	u	CTTCTTTACACAGAAGATGGTTTAGACTTCACTGCGGAACGAACCGGTGGAATAACTGCACATATCC	21251.0	173183.0	EXACT_MATCH
CCAGACAGAAACAACCAGTAGGTCTTCAAT	u	CTTCTTTACACAGAAGATGGTTTAGACTTCACTGCGGAACGAACCGGTGGAATAACTGCACATATCC	7915.0	173183.0	EXACT_MATCH
CGACAAAGATATAATTCCTCAAAGAAGACT	u	CTTCTTTACACAGAAGATGGTTTAGACTTCACTGCGGAACGAACCGGTGGAATAACTGCACATATCC	968.0	173183.0	EXACT_MATCH
CGCAGGAATACTCAAGAAGATCATAAACGT	u	CTTCTTTACACAGAAGATGGTTTAGACTTCACTGCGGAACGAACCGGTGGAATAACTGCACATATCC	10249.0	173183.0	EXACT_MATCH
GACCACTGATACTATCCACCTGAGCCCAAA	u	CTTCTTTACACAGAAGATGGTTTAGACTTCACTGCGGAACGAACCGGTGGAATAACTGCACATATCC	6776.0	173183.0	EXACT_MATCH
GAGCACCGGTACACATACCCCCACACGGAC	u	CTTCTTTACACAGAAGATGGTTTAGACTTCACTGCGGAACGAACCGGTGGAATAACTGCACATATCC	14197.0	173183.0	EXACT_MATCH
GATAAAATATCAACCGAAAAAAGACTAAGA	u	CTTCTTTACACAGAAGATGGTTTAGACTTCACTGCGGAACGAACCGGTGGAATAACTGCACATATCC	29587.0	173183.0	EXACT_MATCH
GATCAGGGGGACAGCCCCGAACCCGAGGAA	u	CTTCTTTACACAGAAGATGGTTTAGACTTCACTGCGGAACGAACCGGTGGAATAACTGCACATATCC	24391.0	173183.0	EXACT_MATCH
TAAAAATGAGACTCAATATAGGAACCTAAG	u	CTTCTTTACACAGAAGATGGTTTAGACTTCACTGCGGAACGAACCGGTGGAATAACTGCACATATCC	4779.0	173183.0	EXACT_MATCH
TCTTACATCCTGACGTAGAAGCCCGCCGAC	u	CTTCTTTACACAGAAGATGGTTTAGACTTCACTGCGGAACGAACCGGTGGAATAACTGCACATATCC	7115.0	173183.0	EXACT_MATCH
TGAAAGACAAGATTTTTGCATAGAGGGGTA	u	CTTCTTTACACAGAAGATGGTTTAGACTTCACTGCGGAACGAACCGGTGGAATAACTGCACATATCC	7835.0	173183.0	EXACT_MATCH
TGGCTCAGAAGCTGAGAACCAATTGAGGAG	u	CTTCTTTACACAGAAGATGGTTTAGACTTCACTGCGGAACGAACCGGTGGAATAACTGCACATATCC	2212.0	173183.0	EXACT_MATCH
TGTCAACTATAAATCCAACTAATGAAAAAA	u	CTTCTTTACACAGAAGATGGTTTAGACTTCACTGCGGAACGAACCGGTGGAATAACTGCACATATCC	820.0	173183.0	EXACT_MATCH
AAAAAAAAAAAATAGGTGGACATTTTTAAT	u	CTTTGATCCAGGCGAGGACTTTTGCTTCTCGACTGCGGGGAATTCCCAGAGTACTGTCGCTTGCTGTT	5505.0	117708.0	EXACT_MATCH
AAAAAAAAAAATAGGTGGACATTTTTAAT	u	CTTTGATCCAGGCGAGGACTTTTGCTTCTCGACTGCGGGGAATTCCCAGAGTACTGTCGCTTGCTGTT	207.0	117708.0	EXACT_MATCH
AACAAGTCAAATTCGCACTGCTCCGGATCA	u	CTTTGATCCAGGCGAGGACTTTTGCTTCTCGACTGCGGGGAATTCCCAGAGTACTGTCGCTTGCTGTT	7996.0	117708.0	EXACT_MATCH
AAGAAAGTCAAATCCAAAAAAGAAGTAGCC	u	CTTTGATCCAGGCGAGGACTTTTGCTTCTCGACTGCGGGGAATTCCCAGAGTACTGTCGCTTGCTGTT	17890.0	117708.0	EXACT_MATCH
AATCAATGGTTGAGACATTTGTGTTCCGT	u	CTTTGATCCAGGCGAGGACTTTTGCTTCTCGACTGCGGGGAATTCCCAGAGTACTGTCGCTTGCTGTT	1826.0	117708.0	EXACT_MATCH
AGAGATCAAATACAGTGAATTGCAGGAAAC	u	CTTTGATCCAGGCGAGGACTTTTGCTTCTCGACTGCGGGGAATTCCCAGAGTACTGTCGCTTGCTGTT	2233.0	117708.0	EXACT_MATCH
ATGTAAATTAAAACAATACAATAATGCAGT	u	CTTTGATCCAGGCGAGGACTTTTGCTTCTCGACTGCGGGGAATTCCCAGAGTACTGTCGCTTGCTGTT	14254.0	117708.0	EXACT_MATCH
CCATTACTATATTTTGTCCAAAAGAACAAG	u	CTTTGATCCAGGCGAGGACTTTTGCTTCTCGACTGCGGGGAATTCCCAGAGTACTGTCGCTTGCTGTT	2832.0	117708.0	EXACT_MATCH
CCGTAGCTCTGTAACCCGATACTCCTGAGA	u	CTTTGATCCAGGCGAGGACTTTTGCTTCTCGACTGCGGGGAATTCCCAGAGTACTGTCGCTTGCTGTT	9311.0	117708.0	EXACT_MATCH
GAAACCGCTAAGAAAAACGGGACGTGTGCG	u	CTTTGATCCAGGCGAGGACTTTTGCTTCTCGACTGCGGGGAATTCCCAGAGTACTGTCGCTTGCTGTT	2502.0	117708.0	EXACT_MATCH
GAATAAATCTTGATTGAACCTAATATCCAA	u	CTTTGATCCAGGCGAGGACTTTTGCTTCTCGACTGCGGGGAATTCCCAGAGTACTGTCGCTTGCTGTT	12958.0	117708.0	EXACT_MATCH
TAACATCGGAGGGACGGCTAACCGCAAAAC	u	CTTTGATCCAGGCGAGGACTTTTGCTTCTCGACTGCGGGGAATTCCCAGAGTACTGTCGCTTGCTGTT	19516.0	117708.0	EXACT_MATCH
TATGAATCGAACGCTTCTTTTGAAATTCCA	u	CTTTGATCCAGGCGAGGACTTTTGCTTCTCGACTGCGGGGAATTCCCAGAGTACTGTCGCTTGCTGTT	9156.0	117708.0	EXACT_MATCH
TGAACGTAGTAAACTGATTCGATAACATGT	u	CTTTGATCCAGGCGAGGACTTTTGCTTCTCGACTGCGGGGAATTCCCAGAGTACTGTCGCTTGCTGTT	9760.0	117708.0	EXACT_MATCH
TGTCTCATTTGGGAAAGGAAACACTGATGA	u	CTTTGATCCAGGCGAGGACTTTTGCTTCTCGACTGCGGGGAATTCCCAGAGTACTGTCGCTTGCTGTT	1762.0	117708.0	EXACT_MATCH
AAAAGGAACTTCCCCTAATAGAAGAGTCCA	u	CTTTTGCAGATATTAATACTGGATGAGCCAACTGCGGGCATGGATCCCTATTCACGACATAAACTAT	1135.0	160898.0	EXACT_MATCH
AAAATTAATGAAAAATTAATAAACTGATAG	u	CTTTTGCAGATATTAATACTGGATGAGCCAACTGCGGGCATGGATCCCTATTCACGACATAAACTAT	3761.0	160898.0	EXACT_MATCH
AAAGGATCAGACAAAGTGATATCGGACCAC	u	CTTTTGCAGATATTAATACTGGATGAGCCAACTGCGGGCATGGATCCCTATTCACGACATAAACTAT	6224.0	160898.0	EXACT_MATCH
AAAGGATCTTCAAGGAATAGTAAGCGAACG	u	CTTTTGCAGATATTAATACTGGATGAGCCAACTGCGGGCATGGATCCCTATTCACGACATAAACTAT	5882.0	160898.0	EXACT_MATCH
AAATCAAGAAACCAAGAAAAAACGAAGCAA	u	CTTTTGCAGATATTAATACTGGATGAGCCAACTGCGGGCATGGATCCCTATTCACGACATAAACTAT	883.0	160898.0	EXACT_MATCH
ACCAAAACATCCGACATAAGGGTCATTACC	u	CTTTTGCAGATATTAATACTGGATGAGCCAACTGCGGGCATGGATCCCTATTCACGACATAAACTAT	16843.0	160898.0	EXACT_MATCH
ACGGGCGGAGGGAGACTAGCCCCACGATTT	u	CTTTTGCAGATATTAATACTGGATGAGCCAACTGCGGGCATGGATCCCTATTCACGACATAAACTAT	2220.0	160898.0	EXACT_MATCH
AGTAAAAGATTTGTACGGGCAAAGGAGTCA	u	CTTTTGCAGATATTAATACTGGATGAGCCAACTGCGGGCATGGATCCCTATTCACGACATAAACTAT	1161.0	160898.0	EXACT_MATCH
ATATTGAATACGTAGACGACATAGATGCTC	u	CTTTTGCAGATATTAATACTGGATGAGCCAACTGCGGGCATGGATCCCTATTCACGACATAAACTAT	11433.0	160898.0	EXACT_MATCH
ATGCTGACCCATATGATGAGGCGAGGTAAA	u	CTTTTGCAGATATTAATACTGGATGAGCCAACTGCGGGCATGGATCCCTATTCACGACATAAACTAT	4792.0	160898.0	EXACT_MATCH
ATTTGAATAGATTAGAACCGTTCAAACACA	u	CTTTTGCAGATATTAATACTGGATGAGCCAACTGCGGGCATGGATCCCTATTCACGACATAAACTAT	1788.0	160898.0	EXACT_MATCH
CAAAGGACACGACTTATAAAACAGCAAAGA	u	CTTTTGCAGATATTAATACTGGATGAGCCAACTGCGGGCATGGATCCCTATTCACGACATAAACTAT	784.0	160898.0	EXACT_MATCH
CAATAGAGCCGGTCACAGTCAACACACAAG	u	CTTTTGCAGATATTAATACTGGATGAGCCAACTGCGGGCATGGATCCCTATTCACGACATAAACTAT	4823.0	160898.0	EXACT_MATCH
CACCTTTGCAACACACGATCCTTAAACCTG	u	CTTTTGCAGATATTAATACTGGATGAGCCAACTGCGGGCATGGATCCCTATTCACGACATAAACTAT	12070.0	160898.0	EXACT_MATCH
CAGCAATTAAAAATTCCGGGTAACGCAATA	u	CTTTTGCAGATATTAATACTGGATGAGCCAACTGCGGGCATGGATCCCTATTCACGACATAAACTAT	8411.0	160898.0	EXACT_MATCH
CCAACAAAAACGTTCCAACCCATAAAAAAG	u	CTTTTGCAGATATTAATACTGGATGAGCCAACTGCGGGCATGGATCCCTATTCACGACATAAACTAT	25425.0	160898.0	EXACT_MATCH
CCGAATAATGATTAAATAGAATATATTAAT	u	CTTTTGCAGATATTAATACTGGATGAGCCAACTGCGGGCATGGATCCCTATTCACGACATAAACTAT	23517.0	160898.0	EXACT_MATCH
CCTAATACCACAGAATAGAGCGTGGGATTT	u	CTTTTGCAGATATTAATACTGGATGAGCCAACTGCGGGCATGGATCCCTATTCACGACATAAACTAT	3853.0	160898.0	EXACT_MATCH
GAGTCTAAAAGGAGTAAAATCTATATTACC	u	CTTTTGCAGATATTAATACTGGATGAGCCAACTGCGGGCATGGATCCCTATTCACGACATAAACTAT	1493.0	160898.0	EXACT_MATCH
GCATGCTAATATTAATTGGAGATAAATACC	u	CTTTTGCAGATATTAATACTGGATGAGCCAACTGCGGGCATGGATCCCTATTCACGACATAAACTAT	8305.0	160898.0	EXACT_MATCH
TAGCACACATACGTATCAGGATTTTCGATA	u	CTTTTGCAGATATTAATACTGGATGAGCCAACTGCGGGCATGGATCCCTATTCACGACATAAACTAT	10306.0	160898.0	EXACT_MATCH
TTAGCAAAAAATCGAAAAAATCTTAGTGAC	u	CTTTTGCAGATATTAATACTGGATGAGCCAACTGCGGGCATGGATCCCTATTCACGACATAAACTAT	4797.0	160898.0	EXACT_MATCH
TTGGAAAAGTATACAAATGCATGAATTGCG	u	CTTTTGCAGATATTAATACTGGATGAGCCAACTGCGGGCATGGATCCCTATTCACGACATAAACTAT	992.0	160898.0	EXACT_MATCH
AAAAATAGCTTGAAGCTACAGCAATATTAA	u	CTTTTGCAGATATTAATACTGGATGAGCCAACTGCGGGCATGGATCCTTATTCACGACATAAACTAT	4685.0	238161.0	EXACT_MATCH
AAGCGTAACCAGGATGACAATCACAGCGAT	u	CTTTTGCAGATATTAATACTGGATGAGCCAACTGCGGGCATGGATCCTTATTCACGACATAAACTAT	20868.0	238161.0	EXACT_MATCH
ACACGTGAAATGAGCCACTCAACACATGCA	u	CTTTTGCAGATATTAATACTGGATGAGCCAACTGCGGGCATGGATCCTTATTCACGACATAAACTAT	14230.0	238161.0	EXACT_MATCH
ACCAAAACTACGGCCCGCCCCGATGGACTT	u	CTTTTGCAGATATTAATACTGGATGAGCCAACTGCGGGCATGGATCCTTATTCACGACATAAACTAT	24840.0	238161.0	EXACT_MATCH
ACCCAAACAGAGAGAGTCGGGCGGACGTTC	u	CTTTTGCAGATATTAATACTGGATGAGCCAACTGCGGGCATGGATCCTTATTCACGACATAAACTAT	4791.0	238161.0	EXACT_MATCH
ACCTGGAATTCGGCAGTACCTACAGCGGAA	u	CTTTTGCAGATATTAATACTGGATGAGCCAACTGCGGGCATGGATCCTTATTCACGACATAAACTAT	3449.0	238161.0	EXACT_MATCH
ACGCAGTCCACCCGATGAAAGACGAAAAAA	u	CTTTTGCAGATATTAATACTGGATGAGCCAACTGCGGGCATGGATCCTTATTCACGACATAAACTAT	3131.0	238161.0	EXACT_MATCH
AGAGGCTAGTCATACTTGCGAGTACATTA	u	CTTTTGCAGATATTAATACTGGATGAGCCAACTGCGGGCATGGATCCTTATTCACGACATAAACTAT	7475.0	238161.0	EXACT_MATCH
AGTCGTCATAAGTTAACCGTGTAATATCC	u	CTTTTGCAGATATTAATACTGGATGAGCCAACTGCGGGCATGGATCCTTATTCACGACATAAACTAT	2823.0	238161.0	EXACT_MATCH
ATAAAAACAAAATAAGAAATAAAACTACCT	u	CTTTTGCAGATATTAATACTGGATGAGCCAACTGCGGGCATGGATCCTTATTCACGACATAAACTAT	13104.0	238161.0	EXACT_MATCH
ATGGAAGAAGCAGATCCAAACAAAAAAAGA	u	CTTTTGCAGATATTAATACTGGATGAGCCAACTGCGGGCATGGATCCTTATTCACGACATAAACTAT	3135.0	238161.0	EXACT_MATCH
CAAACGAGCAGAATCACAAATAGAACACAA	u	CTTTTGCAGATATTAATACTGGATGAGCCAACTGCGGGCATGGATCCTTATTCACGACATAAACTAT	12982.0	238161.0	EXACT_MATCH
CAATCAAAATGTGCCTTCTATTTTAGACGG	u	CTTTTGCAGATATTAATACTGGATGAGCCAACTGCGGGCATGGATCCTTATTCACGACATAAACTAT	11671.0	238161.0	EXACT_MATCH
CGCCTAAGAGCTTATAGAATCTCAATACCA	u	CTTTTGCAGATATTAATACTGGATGAGCCAACTGCGGGCATGGATCCTTATTCACGACATAAACTAT	333.0	238161.0	EXACT_MATCH
GAACCAATAAAATCAAGTCGACAGATAACA	u	CTTTTGCAGATATTAATACTGGATGAGCCAACTGCGGGCATGGATCCTTATTCACGACATAAACTAT	12002.0	238161.0	EXACT_MATCH
GACAATTTAACTACTAAGACTAAAATCAAA	u	CTTTTGCAGATATTAATACTGGATGAGCCAACTGCGGGCATGGATCCTTATTCACGACATAAACTAT	2320.0	238161.0	EXACT_MATCH
GCGATGACAAATAAAGGAGCAATTCAACTA	u	CTTTTGCAGATATTAATACTGGATGAGCCAACTGCGGGCATGGATCCTTATTCACGACATAAACTAT	9164.0	238161.0	EXACT_MATCH
GGCAGTAGTACTAGAAAAAACCCTCCCCAA	u	CTTTTGCAGATATTAATACTGGATGAGCCAACTGCGGGCATGGATCCTTATTCACGACATAAACTAT	6470.0	238161.0	EXACT_MATCH
GTACCAACCAGTAAAAGGATGAGACCTCAG	u	CTTTTGCAGATATTAATACTGGATGAGCCAACTGCGGGCATGGATCCTTATTCACGACATAAACTAT	5698.0	238161.0	EXACT_MATCH
TAAACAAATGGCTACGAAAAGTGCGCAATG	u	CTTTTGCAGATATTAATACTGGATGAGCCAACTGCGGGCATGGATCCTTATTCACGACATAAACTAT	3278.0	238161.0	EXACT_MATCH
TAACAAAAGGTCCATAAGCGCCCCTCCCG	u	CTTTTGCAGATATTAATACTGGATGAGCCAACTGCGGGCATGGATCCTTATTCACGACATAAACTAT	11788.0	238161.0	EXACT_MATCH
TAACCCGACTGTTCGCCCTCAAACGTAACG	u	CTTTTGCAGATATTAATACTGGATGAGCCAACTGCGGGCATGGATCCTTATTCACGACATAAACTAT	4777.0	238161.0	EXACT_MATCH
TATATAAAGTGGTGCAAATGCATAGGCAC	u	CTTTTGCAGATATTAATACTGGATGAGCCAACTGCGGGCATGGATCCTTATTCACGACATAAACTAT	9588.0	238161.0	EXACT_MATCH
TCTAGGTAGAAGGAAAGAGGACTAATACAC	u	CTTTTGCAGATATTAATACTGGATGAGCCAACTGCGGGCATGGATCCTTATTCACGACATAAACTAT	11528.0	238161.0	EXACT_MATCH
TGGAAGAGAAAATCTCCACGCTGAGCATCA	u	CTTTTGCAGATATTAATACTGGATGAGCCAACTGCGGGCATGGATCCTTATTCACGACATAAACTAT	15466.0	238161.0	EXACT_MATCH
TTACCTCGAAACATCACTCAAACTGGAGGA	u	CTTTTGCAGATATTAATACTGGATGAGCCAACTGCGGGCATGGATCCTTATTCACGACATAAACTAT	6227.0	238161.0	EXACT_MATCH
TTCGCCCACTTAACGGAGAATAAAGTGGGC	u	CTTTTGCAGATATTAATACTGGATGAGCCAACTGCGGGCATGGATCCTTATTCACGACATAAACTAT	12338.0	238161.0	EXACT_MATCH
TAAGAGCATTAAGCGAATAAAAATAATAAA	u	GAACTATGTGGTAACGGCATCCATCTTACCCCGCAGTATTATATCCTATTGTATAAATTGTAAGGGA	7301.0	7301.0	EXACT_MATCH
GGCTGTTTGACAGCAGAAGGTTCAAACACG	u	GAGAATCGGACTGAACAACATCCAGAAGGAACTGCGGTTGGACGAGCGGAAGTCTGACGTGTTCCAG	13724.0	13724.0	EXACT_MATCH
CTTTTCGAACCACGTGCCCCTTAGACGAGC	u	GAGTTACAGGCAGGTGCGCTAGCCAATTGGCCGCAGTGTCGCGGAAGTCTGGTTTCCATCAGCTACT	218.0	218.0	EXACT_MATCH
ACTGAACACGATATCCGCCATACATAACCT	u	GCAATTAGTTTCCTTGTTTACGGAACAAACGACTGCGGGGGTGCGAATTGTGACGTCATCAATCAAAC	4508.0	48378.0	EXACT_MATCH
CATATCTTGGTATTGAGAATATAGTTCGGG	u	GCAATTAGTTTCCTTGTTTACGGAACAAACGACTGCGGGGGTGCGAATTGTGACGTCATCAATCAAAC	12972.0	48378.0	EXACT_MATCH
TACCTATTAGTCCCCCGGGATTGAACAATC	u	GCAATTAGTTTCCTTGTTTACGGAACAAACGACTGCGGGGGTGCGAATTGTGACGTCATCAATCAAAC	5578.0	48378.0	EXACT_MATCH
TTAAGAGGCGGGTATAAATGGGAGAAAGAT	u	GCAATTAGTTTCCTTGTTTACGGAACAAACGACTGCGGGGGTGCGAATTGTGACGTCATCAATCAAAC	10162.0	48378.0	EXACT_MATCH
TTCTTCAACCGCTGGACGACGGTTAATTAC	u	GCAATTAGTTTCCTTGTTTACGGAACAAACGACTGCGGGGGTGCGAATTGTGACGTCATCAATCAAAC	15158.0	48378.0	EXACT_MATCH
AAAAATAATAAATATCGAAAAAAAACAATA	u	GCATCCTCTTGTCCTTCCAAAGGTGAAACACCGCAGTCTGCTATCATATCCAATTTGTCTTCGATTG	8886.0	27539.0	EXACT_MATCH
AACAAAAACCAGACATCATGAAGAAACAGA	u	GCATCCTCTTGTCCTTCCAAAGGTGAAACACCGCAGTCTGCTATCATATCCAATTTGTCTTCGATTG	408.0	27539.0	EXACT_MATCH
ATAAAGGGAATCATACGAAGACAAGAGATC	u	GCATCCTCTTGTCCTTCCAAAGGTGAAACACCGCAGTCTGCTATCATATCCAATTTGTCTTCGATTG	589.0	27539.0	EXACT_MATCH
CTGTTCGAGAATTGACCGCACGTTAGAAGG	u	GCATCCTCTTGTCCTTCCAAAGGTGAAACACCGCAGTCTGCTATCATATCCAATTTGTCTTCGATTG	3219.0	27539.0	EXACT_MATCH
GCAAGAAAAAAAGTATTTAAGAATTATAAG	u	GCATCCTCTTGTCCTTCCAAAGGTGAAACACCGCAGTCTGCTATCATATCCAATTTGTCTTCGATTG	2849.0	27539.0	EXACT_MATCH
GCGGACACAAAGCTGAAAATAACAGCATAA	u	GCATCCTCTTGTCCTTCCAAAGGTGAAACACCGCAGTCTGCTATCATATCCAATTTGTCTTCGATTG	2416.0	27539.0	EXACT_MATCH
GTAATATTTGCGCTGAGAGACACCAGTGCT	u	GCATCCTCTTGTCCTTCCAAAGGTGAAACACCGCAGTCTGCTATCATATCCAATTTGTCTTCGATTG	1749.0	27539.0	EXACT_MATCH
TAAAAAGGTTGATCCAAAAAGACCAATACA	u	GCATCCTCTTGTCCTTCCAAAGGTGAAACACCGCAGTCTGCTATCATATCCAATTTGTCTTCGATTG	7423.0	27539.0	EXACT_MATCH
AAACCGGCAGAAGCTAACGGTAAAGGAGTC	u	GCATCCTTTTTTAACAAGCAGCTATCTTTACCGCAGTCGTAACAATCCCCACACTGCAAGTGTGAAT	6405.0	123985.0	EXACT_MATCH
AAAGACAGAAGTTACAGAACAGGGGCGCAA	u	GCATCCTTTTTTAACAAGCAGCTATCTTTACCGCAGTCGTAACAATCCCCACACTGCAAGTGTGAAT	3658.0	123985.0	EXACT_MATCH
AAATAATAACAAAGAGTAAGAGTAAAACAA	u	GCATCCTTTTTTAACAAGCAGCTATCTTTACCGCAGTCGTAACAATCCCCACACTGCAAGTGTGAAT	4207.0	123985.0	EXACT_MATCH
AATAAAAAAGCCTAATCACACGGGCAAAAC	u	GCATCCTTTTTTAACAAGCAGCTATCTTTACCGCAGTCGTAACAATCCCCACACTGCAAGTGTGAAT	3564.0	123985.0	EXACT_MATCH
AATAAATCCATAAAATTAGATGAGCATAAT	u	GCATCCTTTTTTAACAAGCAGCTATCTTTACCGCAGTCGTAACAATCCCCACACTGCAAGTGTGAAT	8097.0	123985.0	EXACT_MATCH
AATGTCCACAGTTAATGGAATTTTTTCGCT	u	GCATCCTTTTTTAACAAGCAGCTATCTTTACCGCAGTCGTAACAATCCCCACACTGCAAGTGTGAAT	5742.0	123985.0	EXACT_MATCH
AGTAACTCACTCTGCGTTCGCACTCACGGC	u	GCATCCTTTTTTAACAAGCAGCTATCTTTACCGCAGTCGTAACAATCCCCACACTGCAAGTGTGAAT	25838.0	123985.0	EXACT_MATCH
ATAAAATAAGAAATCATCTTCATCGCCACG	u	GCATCCTTTTTTAACAAGCAGCTATCTTTACCGCAGTCGTAACAATCCCCACACTGCAAGTGTGAAT	3152.0	123985.0	EXACT_MATCH
ATCAACATAAGATAAGAAGCGAAAAATAGA	u	GCATCCTTTTTTAACAAGCAGCTATCTTTACCGCAGTCGTAACAATCCCCACACTGCAAGTGTGAAT	18080.0	123985.0	EXACT_MATCH
CTCTGGATAACAACCACATCGAGTCCAGCA	u	GCATCCTTTTTTAACAAGCAGCTATCTTTACCGCAGTCGTAACAATCCCCACACTGCAAGTGTGAAT	27287.0	123985.0	EXACT_MATCH
GAAAATAAAATTAAAATACAGTACCAAAGT	u	GCATCCTTTTTTAACAAGCAGCTATCTTTACCGCAGTCGTAACAATCCCCACACTGCAAGTGTGAAT	5308.0	123985.0	EXACT_MATCH
TAACTATAACAGAATCACACCCAAATAATA	u	GCATCCTTTTTTAACAAGCAGCTATCTTTACCGCAGTCGTAACAATCCCCACACTGCAAGTGTGAAT	1583.0	123985.0	EXACT_MATCH
TGCATCGGAGCCTCAACGTACCTAAAAGAG	u	GCATCCTTTTTTAACAAGCAGCTATCTTTACCGCAGTCGTAACAATCCCCACACTGCAAGTGTGAAT	5328.0	123985.0	EXACT_MATCH
TTGAATAGATAACGTTGAGTCCGAGTTTAC	u	GCATCCTTTTTTAACAAGCAGCTATCTTTACCGCAGTCGTAACAATCCCCACACTGCAAGTGTGAAT	5736.0	123985.0	EXACT_MATCH
AACATAGAAAAAACTACGAACGGAAAAGCT	u	GCCATGGATTGCATGATAGCTGTAAGGAATGACTGCGGATTGAACAAACCACCGAGCCAAACAACATT	10439.0	37814.0	EXACT_MATCH
AAGCATAGAACAGAGAAAAACAAAAAAAAG	u	GCCATGGATTGCATGATAGCTGTAAGGAATGACTGCGGATTGAACAAACCACCGAGCCAAACAACATT	5086.0	37814.0	EXACT_MATCH
CGAAACAATATGAACCCGATATAAAGTACT	u	GCCATGGATTGCATGATAGCTGTAAGGAATGACTGCGGATTGAACAAACCACCGAGCCAAACAACATT	2009.0	37814.0	EXACT_MATCH
GGCCATAGCTAAACTTGAAGCATTATCGC	u	GCCATGGATTGCATGATAGCTGTAAGGAATGACTGCGGATTGAACAAACCACCGAGCCAAACAACATT	8560.0	37814.0	EXACT_MATCH
GTCCAATGAATGAGCCTAGATAATAATTAC	u	GCCATGGATTGCATGATAGCTGTAAGGAATGACTGCGGATTGAACAAACCACCGAGCCAAACAACATT	5554.0	37814.0	EXACT_MATCH
TAAGCACTATAGTTCACCAGGGTGGGGTGT	u	GCCATGGATTGCATGATAGCTGTAAGGAATGACTGCGGATTGAACAAACCACCGAGCCAAACAACATT	6166.0	37814.0	EXACT_MATCH
AAAATTAGAACATTTAAAGTACGTGAACCG	u	GCCTACATCCTACGACCCAAGGAATGCCACACTGCGGGACCTCACCCACATAGAATAGAATGGGTAT	6881.0	105549.0	EXACT_MATCH
AAGCTAAAGATCGAACTAGCTACGCGCACA	u	GCCTACATCCTACGACCCAAGGAATGCCACACTGCGGGACCTCACCCACATAGAATAGAATGGGTAT	705.0	105549.0	EXACT_MATCH
AATGAACTAAAACTCATGGATAATATAGAT	u	GCCTACATCCTACGACCCAAGGAATGCCACACTGCGGGACCTCACCCACATAGAATAGAATGGGTAT	6693.0	105549.0	EXACT_MATCH
ATCCAACAAATTTTAGCCTATACGTATGAG	u	GCCTACATCCTACGACCCAAGGAATGCCACACTGCGGGACCTCACCCACATAGAATAGAATGGGTAT	7460.0	105549.0	EXACT_MATCH
CAACTTGTTGGAATCCAACCGAGAAAAGGG	u	GCCTACATCCTACGACCCAAGGAATGCCACACTGCGGGACCTCACCCACATAGAATAGAATGGGTAT	488.0	105549.0	EXACT_MATCH
CGACGGATATAGACAATGGAAACTTCGGTA	u	GCCTACATCCTACGACCCAAGGAATGCCACACTGCGGGACCTCACCCACATAGAATAGAATGGGTAT	1930.0	105549.0	EXACT_MATCH
CGATACGCCAAGAGCTCGGGACCGAGATGG	u	GCCTACATCCTACGACCCAAGGAATGCCACACTGCGGGACCTCACCCACATAGAATAGAATGGGTAT	1058.0	105549.0	EXACT_MATCH
GAAACCAAAATGGTCTATGATAAACCTCCT	u	GCCTACATCCTACGACCCAAGGAATGCCACACTGCGGGACCTCACCCACATAGAATAGAATGGGTAT	10283.0	105549.0	EXACT_MATCH
GCCCTTTTGTACCGAACGATGGGGGATCAG	u	GCCTACATCCTACGACCCAAGGAATGCCACACTGCGGGACCTCACCCACATAGAATAGAATGGGTAT	3780.0	105549.0	EXACT_MATCH
GGATGAAACGCAAGACCAACGATGTAGTCG	u	GCCTACATCCTACGACCCAAGGAATGCCACACTGCGGGACCTCACCCACATAGAATAGAATGGGTAT	2614.0	105549.0	EXACT_MATCH
GGTGTAGCCAAAGCCTGATGTCACCAATGC	u	GCCTACATCCTACGACCCAAGGAATGCCACACTGCGGGACCTCACCCACATAGAATAGAATGGGTAT	566.0	105549.0	EXACT_MATCH
TAAAAAACTTAAAAATCGACGATAACCAAA	u	GCCTACATCCTACGACCCAAGGAATGCCACACTGCGGGACCTCACCCACATAGAATAGAATGGGTAT	18903.0	105549.0	EXACT_MATCH
TATCGCTGATAAAATGCAGATTTGCCTAGT	u	GCCTACATCCTACGACCCAAGGAATGCCACACTGCGGGACCTCACCCACATAGAATAGAATGGGTAT	2804.0	105549.0	EXACT_MATCH
TATTACCTAACTTTTCCGTCAACGTAATAG	u	GCCTACATCCTACGACCCAAGGAATGCCACACTGCGGGACCTCACCCACATAGAATAGAATGGGTAT	31787.0	105549.0	EXACT_MATCH
TGACACAATAAAGTACACCAATATAATGGA	u	GCCTACATCCTACGACCCAAGGAATGCCACACTGCGGGACCTCACCCACATAGAATAGAATGGGTAT	2977.0	105549.0	EXACT_MATCH
TGCATCGAAACTTCGAAAGAGGTGCCGAAA	u	GCCTACATCCTACGACCCAAGGAATGCCACACTGCGGGACCTCACCCACATAGAATAGAATGGGTAT	2577.0	105549.0	EXACT_MATCH
TGCCAGACCTAAAGGAGTGATTGTTAGCAC	u	GCCTACATCCTACGACCCAAGGAATGCCACACTGCGGGACCTCACCCACATAGAATAGAATGGGTAT	4043.0	105549.0	EXACT_MATCH
ACCGATATTCGAATAGGTATGGAGCGAGAC	u	GCGAAGGAAATGCGGGACTTTGATCAAAGACCGCTGTGAGCGTTGTCGCGCGTTTGGCCCAGGAAACT	5586.0	5586.0	EXACT_MATCH
ACGTTAAGCAGGCACAGACAACCAGAACAA	u	GCGGGGGGGAATAGCCCGGGAGGAATGGTCACTGCGGGGAAATAGCCGGGGGGATAGTCACGGTGAG	3778.0	8945.0	EXACT_MATCH
CAGATTCACGCAAAAGGACGAGGACAAAAT	u	GCGGGGGGGAATAGCCCGGGAGGAATGGTCACTGCGGGGAAATAGCCGGGGGGATAGTCACGGTGAG	5167.0	8945.0	EXACT_MATCH
AACGGTGAAAGAGTTATGAAGATAAGGCGA	u	GCGTCCAGTACTCCGATGCGTTTCCCAGTTCCGCAGTTGATGGTTCCAGTCGAATGTTCGCAGATTA	773.0	773.0	EXACT_MATCH
AGAAGGAGGCGGGAAGAAAAGCATCAGGGC	u	GCTTCTCCGGGTTAAACAACGGATGGTTGAACTGCGGGTCTGTCCCGTATACATCCAACACCCGTAA	3490.0	3853.0	EXACT_MATCH
CCGGGGAAATATAAGTAGAAGAAGTCCGGT	u	GCTTCTCCGGGTTAAACAACGGATGGTTGAACTGCGGGTCTGTCCCGTATACATCCAACACCCGTAA	363.0	3853.0	EXACT_MATCH
AAGATCCGAAACAATTCAGCACCCATAAGC	u	GGTATACAAACAGACCGAATGCGGATATTGCCGCAGTTACATAAAACACAGTTTTCCAGTACGGGAG	15920.0	132774.0	EXACT_MATCH
AAGTCAGCCCTGTACGACCAATGCGCCCGA	u	GGTATACAAACAGACCGAATGCGGATATTGCCGCAGTTACATAAAACACAGTTTTCCAGTACGGGAG	1568.0	132774.0	EXACT_MATCH
AATAAGAAATAAGCCTTCTAAGAATTGGAA	u	GGTATACAAACAGACCGAATGCGGATATTGCCGCAGTTACATAAAACACAGTTTTCCAGTACGGGAG	5031.0	132774.0	EXACT_MATCH
AGAATAAAAACCCCAATTAAAACATCAGAC	u	GGTATACAAACAGACCGAATGCGGATATTGCCGCAGTTACATAAAACACAGTTTTCCAGTACGGGAG	7776.0	132774.0	EXACT_MATCH
AGACCTCGGAAGTCCGAAACCCGCAGAAA	u	GGTATACAAACAGACCGAATGCGGATATTGCCGCAGTTACATAAAACACAGTTTTCCAGTACGGGAG	13849.0	132774.0	EXACT_MATCH
AGGAGTAACAACTAAATACTGAAGAAAATC	u	GGTATACAAACAGACCGAATGCGGATATTGCCGCAGTTACATAAAACACAGTTTTCCAGTACGGGAG	6289.0	132774.0	EXACT_MATCH
ATATATATTTGTACTGCACCAGCAGATAT	u	GGTATACAAACAGACCGAATGCGGATATTGCCGCAGTTACATAAAACACAGTTTTCCAGTACGGGAG	9804.0	132774.0	EXACT_MATCH
CACAAGCCGGCTAGTTTTCAAAAGAGGATT	u	GGTATACAAACAGACCGAATGCGGATATTGCCGCAGTTACATAAAACACAGTTTTCCAGTACGGGAG	3656.0	132774.0	EXACT_MATCH
CATAAAAACAAGCGGGCCAGGGATGAAACG	u	GGTATACAAACAGACCGAATGCGGATATTGCCGCAGTTACATAAAACACAGTTTTCCAGTACGGGAG	16103.0	132774.0	EXACT_MATCH
GGTACATAACCAGTGAAATATGACAGACCC	u	GGTATACAAACAGACCGAATGCGGATATTGCCGCAGTTACATAAAACACAGTTTTCCAGTACGGGAG	438.0	132774.0	EXACT_MATCH
TAATAAAACATTCATAATAGGCAACGTACC	u	GGTATACAAACAGACCGAATGCGGATATTGCCGCAGTTACATAAAACACAGTTTTCCAGTACGGGAG	12310.0	132774.0	EXACT_MATCH
TCAGACTAGCAAAGTGAAAAAGCAACTAAG	u	GGTATACAAACAGACCGAATGCGGATATTGCCGCAGTTACATAAAACACAGTTTTCCAGTACGGGAG	24388.0	132774.0	EXACT_MATCH
TCTGATCAAAAGGCATCTGAAAACCAAAAA	u	GGTATACAAACAGACCGAATGCGGATATTGCCGCAGTTACATAAAACACAGTTTTCCAGTACGGGAG	13066.0	132774.0	EXACT_MATCH
TTTACAACCCACACCCGGGAAACGAACTCA	u	GGTATACAAACAGACCGAATGCGGATATTGCCGCAGTTACATAAAACACAGTTTTCCAGTACGGGAG	2576.0	132774.0	EXACT_MATCH
AGAAAGAACGGCTCGTAGAATAATCAATCA	u	GTTAAACGCCCCCATAATGCAGGGCCCTAGCCGCTGTGCTTTCCGGCCGCCGTTGCTCGTTTTTCCAT	11650.0	40857.0	EXACT_MATCH
CACAAGATGAATTCTAGAATAATAAGTAAA	u	GTTAAACGCCCCCATAATGCAGGGCCCTAGCCGCTGTGCTTTCCGGCCGCCGTTGCTCGTTTTTCCAT	6240.0	40857.0	EXACT_MATCH
CGGTGCTGTCAAACCATGGGGTTCGGGCTA	u	GTTAAACGCCCCCATAATGCAGGGCCCTAGCCGCTGTGCTTTCCGGCCGCCGTTGCTCGTTTTTCCAT	220.0	40857.0	EXACT_MATCH
GGGTGCGAATAGTTAACTACTAAGAGAAGC	u	GTTAAACGCCCCCATAATGCAGGGCCCTAGCCGCTGTGCTTTCCGGCCGCCGTTGCTCGTTTTTCCAT	9655.0	40857.0	EXACT_MATCH
TATTCGTACTCCCTTCCGACAGGGGCCTAC	u	GTTAAACGCCCCCATAATGCAGGGCCCTAGCCGCTGTGCTTTCCGGCCGCCGTTGCTCGTTTTTCCAT	9004.0	40857.0	EXACT_MATCH
TTCTCCAATAGCCATATGACAACAAACAAA	u	GTTAAACGCCCCCATAATGCAGGGCCCTAGCCGCTGTGCTTTCCGGCCGCCGTTGCTCGTTTTTCCAT	4088.0	40857.0	EXACT_MATCH
AAAAACACAGAACTGAATCCGCATGATAGC	u	GTTAGGGGTTTCCCCGCTTGGTTAGTTTTCACTGCGGGGGATTTCCTGAGTACGTCACGGAAATCTT	617.0	617.0	EXACT_MATCH
ATGGCATGAAATGGGCGACCAGAGACACTC	u	GTTCAGGATTGTCACTACAGCTAGAGTTCACCGCTGTGATACATTGGTAGCATCCATTGATAAGGTGC	7687.0	20651.0	EXACT_MATCH
TGAAAATTAATCTCCGAAACCAGGACAAAA	u	GTTCAGGATTGTCACTACAGCTAGAGTTCACCGCTGTGATACATTGGTAGCATCCATTGATAAGGTGC	12964.0	20651.0	EXACT_MATCH
ACGCATAATAAGTGACAGAAAAAATCGTCA	u	GTTGTTCCCCGATTGGGAAAGAGGAAGCAACAGCTGTGTTCTCCAAAGCTGAGTTAATCTAAAAAAAT	4547.0	51900.0	EXACT_MATCH
CACAAACTGCGCTTATTGGTACTAACCACC	u	GTTGTTCCCCGATTGGGAAAGAGGAAGCAACAGCTGTGTTCTCCAAAGCTGAGTTAATCTAAAAAAAT	8734.0	51900.0	EXACT_MATCH
CCGTAGCCGATCGACTAGCTGTAAGGACC	u	GTTGTTCCCCGATTGGGAAAGAGGAAGCAACAGCTGTGTTCTCCAAAGCTGAGTTAATCTAAAAAAAT	9651.0	51900.0	EXACT_MATCH
GCGAGTCTATAGCACATTCGCCAGCGAGT	u	GTTGTTCCCCGATTGGGAAAGAGGAAGCAACAGCTGTGTTCTCCAAAGCTGAGTTAATCTAAAAAAAT	6323.0	51900.0	EXACT_MATCH
GCTACGGATAACAAGCTTGTAAGCGAGAGA	u	GTTGTTCCCCGATTGGGAAAGAGGAAGCAACAGCTGTGTTCTCCAAAGCTGAGTTAATCTAAAAAAAT	1951.0	51900.0	EXACT_MATCH
GCTCGTGATGCCGTCGAAACACGGAAACGA	u	GTTGTTCCCCGATTGGGAAAGAGGAAGCAACAGCTGTGTTCTCCAAAGCTGAGTTAATCTAAAAAAAT	4194.0	51900.0	EXACT_MATCH
TATAACGGGGGCTATACGAACAGTGGACCC	u	GTTGTTCCCCGATTGGGAAAGAGGAAGCAACAGCTGTGTTCTCCAAAGCTGAGTTAATCTAAAAAAAT	16500.0	51900.0	EXACT_MATCH
ACAGTTAAATACCTTAAACAGTAATGATCG	u	GTTTTGGATCTTCCATTAATAAATCATCAACCGCAGTGAGAATGTAACGAACAGTTTGTTCTTTTGA	15097.0	23346.0	EXACT_MATCH
AGCTTAAGAGAACGCAAAGTATAATACAAC	u	GTTTTGGATCTTCCATTAATAAATCATCAACCGCAGTGAGAATGTAACGAACAGTTTGTTCTTTTGA	8249.0	23346.0	EXACT_MATCH
AATACAAAGGATCTCTGGTAAAATAAAAAC	u	TAAAACACAATCAGGATATTCGGATATTGTGACTGCGGTACAGTCTGTTTCGAGATTATCCACGTGAC	5237.0	9074.0	EXACT_MATCH
GCAACAACTATGACAACAGTTGAGGCGCAG	u	TAAAACACAATCAGGATATTCGGATATTGTGACTGCGGTACAGTCTGTTTCGAGATTATCCACGTGAC	1865.0	9074.0	EXACT_MATCH
TCCCTGCTGAAATCAGCGACCCAGACCTG	u	TAAAACACAATCAGGATATTCGGATATTGTGACTGCGGTACAGTCTGTTTCGAGATTATCCACGTGAC	1972.0	9074.0	EXACT_MATCH
AAAATAAATTTATAAAAGAAATGGGACATT	u	TAAACGGTAATTAAACGGATTGGAAAGTTCACTGCGGGCACGGCAATCCAAACATACATTAAAATAT	2759.0	67689.0	EXACT_MATCH
AAATCGAGCAAGAAAACTAACAAAACCACG	u	TAAACGGTAATTAAACGGATTGGAAAGTTCACTGCGGGCACGGCAATCCAAACATACATTAAAATAT	12611.0	67689.0	EXACT_MATCH
ACTTTAGACATTAACAGACGATCCCATGAA	u	TAAACGGTAATTAAACGGATTGGAAAGTTCACTGCGGGCACGGCAATCCAAACATACATTAAAATAT	11031.0	67689.0	EXACT_MATCH
ATTCGGATCTAAAAAATTACGGATCCGCGA	u	TAAACGGTAATTAAACGGATTGGAAAGTTCACTGCGGGCACGGCAATCCAAACATACATTAAAATAT	10907.0	67689.0	EXACT_MATCH
GAAAAAACCACTTTTAAACAAACTAAAGAA	u	TAAACGGTAATTAAACGGATTGGAAAGTTCACTGCGGGCACGGCAATCCAAACATACATTAAAATAT	22034.0	67689.0	EXACT_MATCH
GAAAGAAAAATAAATAAAGCAACCATACCG	u	TAAACGGTAATTAAACGGATTGGAAAGTTCACTGCGGGCACGGCAATCCAAACATACATTAAAATAT	8347.0	67689.0	EXACT_MATCH
AACAGCCACCCCTCGCGCGCCGCAGAAGAA	u	TAATAATTATTGTGGAAACATTACCCAATTACTGCGGGATTACGGTTATCCAAAATAATTAAAACAA	6423.0	24157.0	EXACT_MATCH
CTCGCTGGTTAGGCGGCTGCCATCCTTAAC	u	TAATAATTATTGTGGAAACATTACCCAATTACTGCGGGATTACGGTTATCCAAAATAATTAAAACAA	3766.0	24157.0	EXACT_MATCH
GAAAGCCAGCCCGACGTGCCAGCCGCCAGG	u	TAATAATTATTGTGGAAACATTACCCAATTACTGCGGGATTACGGTTATCCAAAATAATTAAAACAA	13968.0	24157.0	EXACT_MATCH
CTACACAAAAACTAATTTCACAATGAAAAT	u	TACAACCTATTTCCGGGATTCGAACCCAATACTGCGGATTACGTTTACAACAAATGGGAACCTAAGA	1833.0	14076.0	EXACT_MATCH
GGAATAGACACTGCCATTGACCCCATCATG	u	TACAACCTATTTCCGGGATTCGAACCCAATACTGCGGATTACGTTTACAACAAATGGGAACCTAAGA	12243.0	14076.0	EXACT_MATCH
ATAGGCCCACATAAATTAAAATACATAGAT	u	TATTATGTTCTAAAAGTGTCCCAACTTCCCCCGCAGTACTATACATACATTATTTCCGGCGATACCA	8319.0	8319.0	EXACT_MATCH
ACAGTGAAATTAAGACGTATAAAACATACA	u	TATTTTTCCTCAGTGGAAATCCCGACATTACCGCAGTTATTTTTACCCGTACCATGGATGCCCGTAC	4225.0	4225.0	EXACT_MATCH
CCGAGACCTCGCTCGACAAGAGGGCCGAAT	u	TATTTTTGACGGATAATCCGGCCCGGGTAACCGCAGTAACCTCAAGAATTTCGAGGTATTGAGTTCG	8310.0	59277.0	EXACT_MATCH
GAGGACAACCTCAAGGCGGTCGAGGTATGC	u	TATTTTTGACGGATAATCCGGCCCGGGTAACCGCAGTAACCTCAAGAATTTCGAGGTATTGAGTTCG	4776.0	59277.0	EXACT_MATCH
TCCCCCTAGGCTGATTGTGACATCCTGTCT	u	TATTTTTGACGGATAATCCGGCCCGGGTAACCGCAGTAACCTCAAGAATTTCGAGGTATTGAGTTCG	4898.0	59277.0	EXACT_MATCH
TGAACAACCATACCAGAATGCAGATGATCG	u	TATTTTTGACGGATAATCCGGCCCGGGTAACCGCAGTAACCTCAAGAATTTCGAGGTATTGAGTTCG	26462.0	59277.0	EXACT_MATCH
TGACTATGATGTAGCGAGTACCAAAAACCG	u	TATTTTTGACGGATAATCCGGCCCGGGTAACCGCAGTAACCTCAAGAATTTCGAGGTATTGAGTTCG	14831.0	59277.0	EXACT_MATCH
GTAAAAAGGTTATTGACGAGAAAATAGGTG	u	TCACAATCCTGTATTCCATCACAAAACTGTCCAGCTGTGAGGCATTTTCCGGATTTGCACCTGGGTTTT	382.0	7273.0	EXACT_MATCH
TGAAGATCGAGCCATTAGTAGGAAAGTGA	u	TCACAATCCTGTATTCCATCACAAAACTGTCCAGCTGTGAGGCATTTTCCGGATTTGCACCTGGGTTTT	6891.0	7273.0	EXACT_MATCH
CCTAAAGAAAATCTGGGCCAAAATTGGCTC	u	TCCAGGATGATATCAACATCATCTCCCCATCCAGCTGTGTCTTCATCAATATCAACATCCGCAGCAAGT	1079.0	3436.0	EXACT_MATCH
GAAGGGATCGCCCCCAACTGCACAAAATAC	u	TCCAGGATGATATCAACATCATCTCCCCATCCAGCTGTGTCTTCATCAATATCAACATCCGCAGCAAGT	1730.0	3436.0	EXACT_MATCH
GGTAAATGAATGTCACTCAAGCATACAAAA	u	TCCAGGATGATATCAACATCATCTCCCCATCCAGCTGTGTCTTCATCAATATCAACATCCGCAGCAAGT	255.0	3436.0	EXACT_MATCH
TATAAGACGGTCGGTCATGATGCAACCAGA	u	TCCAGGATGATATCAACATCATCTCCCCATCCAGCTGTGTCTTCATCAATATCAACATCCGCAGCAAGT	372.0	3436.0	EXACT_MATCH
AAGAATACGCTGTCGTAAGAATGGGAGAAT	u	TCCGAAAGCACGCAGCGTGCCGGATCACACACTGCGGCCTGGATAGCCGCGTGCTTGGGAGAAAGTC	3370.0	5124.0	EXACT_MATCH
ACGCAAATGGGGAATAGAGCGTGGGCAAAC	u	TCCGAAAGCACGCAGCGTGCCGGATCACACACTGCGGCCTGGATAGCCGCGTGCTTGGGAGAAAGTC	1754.0	5124.0	EXACT_MATCH
AAAGGATGAAAGACCAAAACCAAAGAGACA	u	TCTCTCCCGTGCATAAAGCGCGGAAGTTCTCCGCAGTTTTTGGGACGACGTCCTTACGTAATTCCAT	3545.0	14921.0	EXACT_MATCH
ATACAGCAGAACAAGTTCTAGTAATTAAAT	u	TCTCTCCCGTGCATAAAGCGCGGAAGTTCTCCGCAGTTTTTGGGACGACGTCCTTACGTAATTCCAT	5050.0	14921.0	EXACT_MATCH
GCCCGAACCGTCCACGGTTCCTTGGAGGTA	u	TCTCTCCCGTGCATAAAGCGCGGAAGTTCTCCGCAGTTTTTGGGACGACGTCCTTACGTAATTCCAT	1452.0	14921.0	EXACT_MATCH
GTGGTGTATAAAGAAAGCCGATGTTGCTA	u	TCTCTCCCGTGCATAAAGCGCGGAAGTTCTCCGCAGTTTTTGGGACGACGTCCTTACGTAATTCCAT	1495.0	14921.0	EXACT_MATCH
GTTGACGCGTTTATAAACGGAAGACGCAAA	u	TCTCTCCCGTGCATAAAGCGCGGAAGTTCTCCGCAGTTTTTGGGACGACGTCCTTACGTAATTCCAT	3112.0	14921.0	EXACT_MATCH
TGGACCTGGAAATGGAACATGAAATCAAA	u	TCTCTCCCGTGCATAAAGCGCGGAAGTTCTCCGCAGTTTTTGGGACGACGTCCTTACGTAATTCCAT	267.0	14921.0	EXACT_MATCH
AGAACTAGAGAACGATACCGACGGGATACC	u	TGAAACGGTTTTCTTGTGCATGGATGGCTTCACAGCTGGGTCCTGTTGGGGAAAAAATTGTAAATGTT	1975.0	11071.0	EXACT_MATCH
AGCCAGACCGTGGAACCGTCACAGCGAAC	u	TGAAACGGTTTTCTTGTGCATGGATGGCTTCACAGCTGGGTCCTGTTGGGGAAAAAATTGTAAATGTT	8714.0	11071.0	EXACT_MATCH
AGCTGAAAAAGACTACAAAATCCGAAAAAT	u	TGAAACGGTTTTCTTGTGCATGGATGGCTTCACAGCTGGGTCCTGTTGGGGAAAAAATTGTAAATGTT	382.0	11071.0	EXACT_MATCH
AGGGATAATGAAATTGCGAGCAAGTCGAAA	u	TGCAGGAAGCACTAAAGCGTGGTGATCGCTCAGCTGTGAAATTTGACAAAGATCCTGTCGGAAATGCT	3709.0	15045.0	EXACT_MATCH
CTTATCCCGGACCAATACGAGAGTTTTGCG	u	TGCAGGAAGCACTAAAGCGTGGTGATCGCTCAGCTGTGAAATTTGACAAAGATCCTGTCGGAAATGCT	6915.0	15045.0	EXACT_MATCH
GAAGACTGGGACTAAAGCCAGAAGAGACAC	u	TGCAGGAAGCACTAAAGCGTGGTGATCGCTCAGCTGTGAAATTTGACAAAGATCCTGTCGGAAATGCT	4421.0	15045.0	EXACT_MATCH
ACAGAGAAAAACTAAAAACGTACGAGCTAT	u	TGCCTCCGGGTGCTTTTAGGTATAAATGCTACTGCGGTAAAAGGATGAAACTTTAGATGGAAAATGC	12876.0	12876.0	EXACT_MATCH
AAATTCTCCAGGAGCAATTTTCCCTATGTT	u	TGTTTTTGGAAATTTGGACAAACTATATCCCCGCAGTAATTATGTAATGTTTGAAGTTAACATTATT	4457.0	13739.0	EXACT_MATCH
AAGGGTGCATTTAGAGTCTGGAGATGAAAT	u	TGTTTTTGGAAATTTGGACAAACTATATCCCCGCAGTAATTATGTAATGTTTGAAGTTAACATTATT	660.0	13739.0	EXACT_MATCH
CAAAAAAGAGGTAAAAAGACACAGAGTCAG	u	TGTTTTTGGAAATTTGGACAAACTATATCCCCGCAGTAATTATGTAATGTTTGAAGTTAACATTATT	492.0	13739.0	EXACT_MATCH
CAAACAGACCCTCCGGCTTGCCCACGAAAT	u	TGTTTTTGGAAATTTGGACAAACTATATCCCCGCAGTAATTATGTAATGTTTGAAGTTAACATTATT	8130.0	13739.0	EXACT_MATCH
AAACTACCTGAAGCAGTCCGGCTGCCGTGA	u	TTACATGATCTTCTAATAACGATCCACAACCACAGCGGTATGAAGACCGGAAGCCAGAGCATCCACAT	693.0	65702.0	EXACT_MATCH
AACACGGCTACGATAGGAGCATGAAAAAAA	u	TTACATGATCTTCTAATAACGATCCACAACCACAGCGGTATGAAGACCGGAAGCCAGAGCATCCACAT	308.0	65702.0	EXACT_MATCH
ATACAAAAACGGATAGCGACCATAGCAGCT	u	TTACATGATCTTCTAATAACGATCCACAACCACAGCGGTATGAAGACCGGAAGCCAGAGCATCCACAT	8571.0	65702.0	EXACT_MATCH
CATTACAATTACACGACCCAGTAAATCGGT	u	TTACATGATCTTCTAATAACGATCCACAACCACAGCGGTATGAAGACCGGAAGCCAGAGCATCCACAT	22647.0	65702.0	EXACT_MATCH
CCTCACTAACATAAAGTAAGTAATACTCAC	u	TTACATGATCTTCTAATAACGATCCACAACCACAGCGGTATGAAGACCGGAAGCCAGAGCATCCACAT	9828.0	65702.0	EXACT_MATCH
GCCTTCAGCAAGGTCTATTGCAGGAGCGAC	u	TTACATGATCTTCTAATAACGATCCACAACCACAGCGGTATGAAGACCGGAAGCCAGAGCATCCACAT	5317.0	65702.0	EXACT_MATCH
TCCCGGTGATTTAAACAACGAACGTAAAAG	u	TTACATGATCTTCTAATAACGATCCACAACCACAGCGGTATGAAGACCGGAAGCCAGAGCATCCACAT	10558.0	65702.0	EXACT_MATCH
TGAATATAAAAAATTTAAGCTGTACCGATA	u	TTACATGATCTTCTAATAACGATCCACAACCACAGCGGTATGAAGACCGGAAGCCAGAGCATCCACAT	7780.0	65702.0	EXACT_MATCH
AAAAGCAACAGATGTAACCACACCACAAGT	u	TTACTTTAAAGTGTAAACACTGGATGCTTACACAGCTGTGCGGCGCCCTATGTTGCCATTGTGGATAT	7400.0	160618.0	EXACT_MATCH
AAAAGGATACCAAAGAAAACAAATGTAAAA	u	TTACTTTAAAGTGTAAACACTGGATGCTTACACAGCTGTGCGGCGCCCTATGTTGCCATTGTGGATAT	9857.0	160618.0	EXACT_MATCH
AAAGCGTGATAACCGTCAAACGACCGCATC	u	TTACTTTAAAGTGTAAACACTGGATGCTTACACAGCTGTGCGGCGCCCTATGTTGCCATTGTGGATAT	5770.0	160618.0	EXACT_MATCH
AAATACTTTGGTCGATTGTCACAAGCTCCC	u	TTACTTTAAAGTGTAAACACTGGATGCTTACACAGCTGTGCGGCGCCCTATGTTGCCATTGTGGATAT	21424.0	160618.0	EXACT_MATCH
AAATAGGTAAAATAAATTGGGACGCAATAG	u	TTACTTTAAAGTGTAAACACTGGATGCTTACACAGCTGTGCGGCGCCCTATGTTGCCATTGTGGATAT	17155.0	160618.0	EXACT_MATCH
AATAACTGTCCAAACCCTGAGCGCCGAAA	u	TTACTTTAAAGTGTAAACACTGGATGCTTACACAGCTGTGCGGCGCCCTATGTTGCCATTGTGGATAT	14698.0	160618.0	EXACT_MATCH
ACATCCGAATCCAACACATCTCGAACTTCA	u	TTACTTTAAAGTGTAAACACTGGATGCTTACACAGCTGTGCGGCGCCCTATGTTGCCATTGTGGATAT	594.0	160618.0	EXACT_MATCH
ACCAAGCCGGAAAACAGCCAAACGAGCTAC	u	TTACTTTAAAGTGTAAACACTGGATGCTTACACAGCTGTGCGGCGCCCTATGTTGCCATTGTGGATAT	6631.0	160618.0	EXACT_MATCH
ACCATTGGAAAGATTAGAGAGGAGTAAGAC	u	TTACTTTAAAGTGTAAACACTGGATGCTTACACAGCTGTGCGGCGCCCTATGTTGCCATTGTGGATAT	7405.0	160618.0	EXACT_MATCH
ACGTAGGAAGTGCGCAGAAATCCCGTGCCG	u	TTACTTTAAAGTGTAAACACTGGATGCTTACACAGCTGTGCGGCGCCCTATGTTGCCATTGTGGATAT	6289.0	160618.0	EXACT_MATCH
ACTGAATAAAAGATATTAGAAAAAACAAAG	u	TTACTTTAAAGTGTAAACACTGGATGCTTACACAGCTGTGCGGCGCCCTATGTTGCCATTGTGGATAT	10989.0	160618.0	EXACT_MATCH
ATTCAGACAAATGAATCGGGGCTGGACGT	u	TTACTTTAAAGTGTAAACACTGGATGCTTACACAGCTGTGCGGCGCCCTATGTTGCCATTGTGGATAT	12274.0	160618.0	EXACT_MATCH
CACGATTATGCCCAGGGAAGGGGAACGACC	u	TTACTTTAAAGTGTAAACACTGGATGCTTACACAGCTGTGCGGCGCCCTATGTTGCCATTGTGGATAT	2186.0	160618.0	EXACT_MATCH
GAGCGAACAAACTTCGAGGATTGAGATGAG	u	TTACTTTAAAGTGTAAACACTGGATGCTTACACAGCTGTGCGGCGCCCTATGTTGCCATTGTGGATAT	1936.0	160618.0	EXACT_MATCH
TAAATGCACCAAAAGCCTTGGTACGGAAAC	u	TTACTTTAAAGTGTAAACACTGGATGCTTACACAGCTGTGCGGCGCCCTATGTTGCCATTGTGGATAT	9493.0	160618.0	EXACT_MATCH
TCCTTTATGGATATTAAGAAAGCTCTAAAA	u	TTACTTTAAAGTGTAAACACTGGATGCTTACACAGCTGTGCGGCGCCCTATGTTGCCATTGTGGATAT	26517.0	160618.0	EXACT_MATCH
ATCATAAGCGACGTAGCTGGCACGCAGAAG	u	TTATGATCCATAATAATTGCACCACATCCAACTGCGGTATCTGTTTCATGCTCTTATTCCCGGAAAC	614.0	25087.0	EXACT_MATCH
GGCGCCAAACACCTGCCGGAGGGCTTACCC	u	TTATGATCCATAATAATTGCACCACATCCAACTGCGGTATCTGTTTCATGCTCTTATTCCCGGAAAC	17856.0	25087.0	EXACT_MATCH
TAAATATTCCATTAAGAAGCTGTCGGATAA	u	TTATGATCCATAATAATTGCACCACATCCAACTGCGGTATCTGTTTCATGCTCTTATTCCCGGAAAC	1806.0	25087.0	EXACT_MATCH
TCAGAAAATAACAATTCTAAAAGCCAACAT	u	TTATGATCCATAATAATTGCACCACATCCAACTGCGGTATCTGTTTCATGCTCTTATTCCCGGAAAC	4811.0	25087.0	EXACT_MATCH
ATGCGAATACCCCACACGCCGGAAAAGGAA	u	TTGTTGTAACCACCAAGCTCCTACCTTTTACCGCTGTGTTGATCTTCCTGGATTGGCAAATTCAAGCT	1179.0	6592.0	EXACT_MATCH
GAGTGACCACCCCGCCCAACTAAGGGTAGG	u	TTGTTGTAACCACCAAGCTCCTACCTTTTACCGCTGTGTTGATCTTCCTGGATTGGCAAATTCAAGCT	475.0	6592.0	EXACT_MATCH
TAACACAAAAAAGAGAATAAAAATGAAAAA	u	TTGTTGTAACCACCAAGCTCCTACCTTTTACCGCTGTGTTGATCTTCCTGGATTGGCAAATTCAAGCT	1383.0	6592.0	EXACT_MATCH
TTACGAAGAGGCTGATTGAAAGAAACTAG	u	TTGTTGTAACCACCAAGCTCCTACCTTTTACCGCTGTGTTGATCTTCCTGGATTGGCAAATTCAAGCT	3555.0	6592.0	EXACT_MATCH
AAAGAAGCGATGCAGCAGCCTACAAGACGC	u	TTGTTGTTACCACCAAGCTCCTACCTTTTACCGCTGTGTTGATCTTCCTGGATTGGCAAATTCAAGCT	4746.0	76086.0	EXACT_MATCH
AGAAACACATAGGCGACTATCGGGAGCTCG	u	TTGTTGTTACCACCAAGCTCCTACCTTTTACCGCTGTGTTGATCTTCCTGGATTGGCAAATTCAAGCT	1266.0	76086.0	EXACT_MATCH
CAACTGAAATAAGAACATGCGACACACTAG	u	TTGTTGTTACCACCAAGCTCCTACCTTTTACCGCTGTGTTGATCTTCCTGGATTGGCAAATTCAAGCT	5691.0	76086.0	EXACT_MATCH
CAGCAGAAGGAAACATGTAGACATAGGGAC	u	TTGTTGTTACCACCAAGCTCCTACCTTTTACCGCTGTGTTGATCTTCCTGGATTGGCAAATTCAAGCT	3267.0	76086.0	EXACT_MATCH
CCCGCCACGACACCCACGATAGTGCAAGCC	u	TTGTTGTTACCACCAAGCTCCTACCTTTTACCGCTGTGTTGATCTTCCTGGATTGGCAAATTCAAGCT	14771.0	76086.0	EXACT_MATCH
CGAGCCCACAAGAGGATCGTAAGTCAGACC	u	TTGTTGTTACCACCAAGCTCCTACCTTTTACCGCTGTGTTGATCTTCCTGGATTGGCAAATTCAAGCT	8263.0	76086.0	EXACT_MATCH
CTAGAGCTCGAGTCTATAACGAAGGAGAAT	u	TTGTTGTTACCACCAAGCTCCTACCTTTTACCGCTGTGTTGATCTTCCTGGATTGGCAAATTCAAGCT	5784.0	76086.0	EXACT_MATCH
CTTATCCCTCAGTATACAATGGACAAATCA	u	TTGTTGTTACCACCAAGCTCCTACCTTTTACCGCTGTGTTGATCTTCCTGGATTGGCAAATTCAAGCT	12016.0	76086.0	EXACT_MATCH
GCTATAGGACAGAAAGTCAGACCGAAGATA	u	TTGTTGTTACCACCAAGCTCCTACCTTTTACCGCTGTGTTGATCTTCCTGGATTGGCAAATTCAAGCT	3813.0	76086.0	EXACT_MATCH
TAGCGCAGTTTTGCCGATCGAACAACTGAA	u	TTGTTGTTACCACCAAGCTCCTACCTTTTACCGCTGTGTTGATCTTCCTGGATTGGCAAATTCAAGCT	2723.0	76086.0	EXACT_MATCH
TTGATGGATCTGAAGAAAAAAATCTGTAAA	u	TTGTTGTTACCACCAAGCTCCTACCTTTTACCGCTGTGTTGATCTTCCTGGATTGGCAAATTCAAGCT	5672.0	76086.0	EXACT_MATCH
TTTAATGAAAGAACTACAAAACTCAACATC	u	TTGTTGTTACCACCAAGCTCCTACCTTTTACCGCTGTGTTGATCTTCCTGGATTGGCAAATTCAAGCT	8074.0	76086.0	EXACT_MATCH
AAAAGCACATAATGATTAACGCAATATAAT	u	TTGTTTCCAACAAGCAGGAATGGAATGCTACCAGCTGTGGTTGAGTCTACACCTTTCACTCGTAAGATT	3219.0	77829.0	EXACT_MATCH
AAACGCAAAAAGATCAAAACGAACGCAATA	u	TTGTTTCCAACAAGCAGGAATGGAATGCTACCAGCTGTGGTTGAGTCTACACCTTTCACTCGTAAGATT	3302.0	77829.0	EXACT_MATCH
AATAAAAAGCGGCTTTCACAACTCAAACCT	u	TTGTTTCCAACAAGCAGGAATGGAATGCTACCAGCTGTGGTTGAGTCTACACCTTTCACTCGTAAGATT	9315.0	77829.0	EXACT_MATCH
AGTACTTAGAGCAACATTATGCCGAGTTGG	u	TTGTTTCCAACAAGCAGGAATGGAATGCTACCAGCTGTGGTTGAGTCTACACCTTTCACTCGTAAGATT	2140.0	77829.0	EXACT_MATCH
CAGGGAGCCTATGACCATCGCGTTACGAAA	u	TTGTTTCCAACAAGCAGGAATGGAATGCTACCAGCTGTGGTTGAGTCTACACCTTTCACTCGTAAGATT	16073.0	77829.0	EXACT_MATCH
CAGTGAGGGAGGAAAAAACAATGGGCTATA	u	TTGTTTCCAACAAGCAGGAATGGAATGCTACCAGCTGTGGTTGAGTCTACACCTTTCACTCGTAAGATT	779.0	77829.0	EXACT_MATCH
GATACATCAATGCAAGAGGGCGGGAGAGAA	u	TTGTTTCCAACAAGCAGGAATGGAATGCTACCAGCTGTGGTTGAGTCTACACCTTTCACTCGTAAGATT	1036.0	77829.0	EXACT_MATCH
GGAAAAACCCTAATTAACATCAACCTAGGC	u	TTGTTTCCAACAAGCAGGAATGGAATGCTACCAGCTGTGGTTGAGTCTACACCTTTCACTCGTAAGATT	9401.0	77829.0	EXACT_MATCH
TAAAAAGGGACAATTAAATCAAACAAATCC	u	TTGTTTCCAACAAGCAGGAATGGAATGCTACCAGCTGTGGTTGAGTCTACACCTTTCACTCGTAAGATT	7482.0	77829.0	EXACT_MATCH
TCTAAGTACTAAACAAAAAATTGGAAGTCG	u	TTGTTTCCAACAAGCAGGAATGGAATGCTACCAGCTGTGGTTGAGTCTACACCTTTCACTCGTAAGATT	19507.0	77829.0	EXACT_MATCH
TGCGCGTCACCCGTATCGCGACCCAAAGAA	u	TTGTTTCCAACAAGCAGGAATGGAATGCTACCAGCTGTGGTTGAGTCTACACCTTTCACTCGTAAGATT	5575.0	77829.0	EXACT_MATCH
AAGAAGCCGCAATGAGACTGCAGGTAACAT	u	TTTTACATTTATTTAAAATCCAAATTTTCCCACAGCTGAATGAAATTACAAAAAATAAAATAAATAAA	9740.0	35798.0	EXACT_MATCH
ACCAATAACACAACACCAGCTAGGGAGTTA	u	TTTTACATTTATTTAAAATCCAAATTTTCCCACAGCTGAATGAAATTACAAAAAATAAAATAAATAAA	16422.0	35798.0	EXACT_MATCH
CGAGGTGCGGGGGTATCATATCCCTTCGAG	u	TTTTACATTTATTTAAAATCCAAATTTTCCCACAGCTGAATGAAATTACAAAAAATAAAATAAATAAA	4619.0	35798.0	EXACT_MATCH
GGATGTAACGAAAGAAACATATCGAGCACA	u	TTTTACATTTATTTAAAATCCAAATTTTCCCACAGCTGAATGAAATTACAAAAAATAAAATAAATAAA	1708.0	35798.0	EXACT_MATCH
TCCCAGCTGTGTAACCGATAAAGCGCCCAC	u	TTTTACATTTATTTAAAATCCAAATTTTCCCACAGCTGAATGAAATTACAAAAAATAAAATAAATAAA	3309.0	35798.0	EXACT_MATCH
AGTATAACGAGATGACAAGGGCAAAGACCG	u	TTTTACTTGGCATTTCCGGATTACGCCGGTACTGCGGCACCGGTATCCCCCATGATTGCTTGCGTCA	7496.0	30977.0	EXACT_MATCH
CCCATCAAGTGCGCCGGGTCTACGAAACCA	u	TTTTACTTGGCATTTCCGGATTACGCCGGTACTGCGGCACCGGTATCCCCCATGATTGCTTGCGTCA	1168.0	30977.0	EXACT_MATCH
GACAGGTTTCCATATGGCGGAACAACTAC	u	TTTTACTTGGCATTTCCGGATTACGCCGGTACTGCGGCACCGGTATCCCCCATGATTGCTTGCGTCA	8252.0	30977.0	EXACT_MATCH
GACTGGGCAAAGAAACCCAGAGCGGGACGC	u	TTTTACTTGGCATTTCCGGATTACGCCGGTACTGCGGCACCGGTATCCCCCATGATTGCTTGCGTCA	3646.0	30977.0	EXACT_MATCH
TCATTAATCAAGAATTATCAGAAATGTTAA	u	TTTTACTTGGCATTTCCGGATTACGCCGGTACTGCGGCACCGGTATCCCCCATGATTGCTTGCGTCA	10415.0	30977.0	EXACT_MATCH
TACGCTGCCATGAAAGATCCTATGCGTACA	u	TTTTGGGCCGGAAAATGTGTCTCACCGTTTGACTGCGGCACACACGGTACCGGTGACGCCATTTCCGG	1956.0	1956.0	EXACT_MATCH