SN Number,Enhancer,Number_of_Barcodes,Type_of_Match,Adapter?,Error?,
SN1,TTACTTTAAAGTGTAAACACTGGATGCTTACACAGCTGTGCGGCGCCCTATGTTGCCATTGTGGATAT,16,EXACT_MATCH,N,,Has 5' adapter sequence
SN100,TTGTTGTAACCACCAAGCTCCTACCTTTTACCGCTGTGTTGATCTTCCTGGATTGGCAAATTCAAGCT,4,EXACT_MATCH,N,,Has 3' adapter sequence
SN101,TTGTTGTTACCACCAAGCTCCTACCTTTTACCGCTGTGTTGATCTTCCTGGATTGGCAAATTCAAGCT,12,EXACT_MATCH,N,,Notochord Expression
SN101+A,GGAGTTCAGACGAGGAGAAACCAGCCTGGAGTTCAGACGAGGAGAAACCAGCCTTTGTTGTTACCACCAAGCTCCTACCTTTTACCGCTGTGTTGATCTTCCTGGATTGGCAAATTCAAGCT,1,NOT_EXACT,Y,,Other Expression
SN103,ATTATGTTCTGAAAGGTGTCCCATCTTCCCCCGCAGTACTATTACCTGATGCTAGATCCAAAATACT,9,EXACT_MATCH,N,,No expression
SN105,AACTTACTTCCTTGCTTTGAGGATATTTCTCACAGCTGCAGCTTCCTTCAAGGTTTGTTTCGTTTTCT,8,EXACT_MATCH,N,,
SN106,CAATGTTATGGAAAACAATTCCTGAACAAAACTGCGGAGATCGTGATGCACTCCACTTTTGCTCTGG,7,EXACT_MATCH,N,,
SN107,CACGCTTGACTTCCGTGTGACCATGGATCTCCGCAGTTGCCACGCGGTTGCGGAGCATGTTGGATAT,12,EXACT_MATCH,N,,
SN107+A,GGAGTTCAGACGAGGAGAAACCAGCCTCACGCTTGACTTCCGTGTGACCATGGATCTCCGCAGTTGCCACGCGGTTGCGGAGCATGTTGGATAT,2,NOT_EXACT,Y,,
SN108,TGCAGGAAGCACTAAAGCGTGGTGATCGCTCAGCTGTGAAATTTGACAAAGATCCTGTCGGAAATGCT,3,EXACT_MATCH,N,,TOTAL BARCODES: 699
SN109,TTTTGGGCCGGAAAATGTGTCTCACCGTTTGACTGCGGCACACACGGTACCGGTGACGCCATTTCCGG,1,EXACT_MATCH,N,,
SN11,TCCGAAAGCACGCAGCGTGCCGGATCACACACTGCGGCCTGGATAGCCGCGTGCTTGGGAGAAAGTC,2,EXACT_MATCH,N,,99 exact match
SN11+A,GGAGTTCAGACGAGGAGAAACCAGCCTTCCGAAAGCACGCAGCGTGCCGGATCACACACTGCGGCCTGGATAGCCGCGTGCTTGGGAGAAAGTC,1,NOT_EXACT,Y,,41 errors
SN110,ATATCCAACATGCTCCGCAACCGCGTGGCAACTGCGGAGATCCATGGTCACACGGAAGTCAAGCGTG,9,EXACT_MATCH,N,,
SN111,GGTATACAAACAGACCGAATGCGGATATTGCCGCAGTTACATAAAACACAGTTTTCCAGTACGGGAG,14,EXACT_MATCH,N,,
SN111e1,GTATACAAACAGACCGAATGCGGATATTGCCGCAGTTACATAAAACACAGTTTTCCAGTACGGGAG,2,NOT_EXACT,N,1bp deletion,
SN112,TTACATGATCTTCTAATAACGATCCACAACCACAGCGGTATGAAGACCGGAAGCCAGAGCATCCACAT,8,EXACT_MATCH,N,,
SN112+A,TTACATGATCTTCTAATAACGATCCACAACCACAGCGGTATGAAGACCGGAAGCCAGAGCATCCACATGAAAACCATTCTCCTCTTCTAGAGGATCTAGCTGTGCGGCGCCCTATGTTGCCATTGTGGATAT,1,NOT_EXACT,Y,,
SN113,GAGTTACAGGCAGGTGCGCTAGCCAATTGGCCGCAGTGTCGCGGAAGTCTGGTTTCCATCAGCTACT,1,EXACT_MATCH,N,,
SN114,TGAAACGGTTTTCTTGTGCATGGATGGCTTCACAGCTGGGTCCTGTTGGGGAAAAAATTGTAAATGTT,3,EXACT_MATCH,N,,
SN116,TAATAATTATTGTGGAAACATTACCCAATTACTGCGGGATTACGGTTATCCAAAATAATTAAAACAA,3,EXACT_MATCH,N,,
SN117,TAAAACACAATCAGGATATTCGGATATTGTGACTGCGGTACAGTCTGTTTCGAGATTATCCACGTGAC,3,EXACT_MATCH,N,,
SN118,TTATGATCCATAATAATTGCACCACATCCAACTGCGGTATCTGTTTCATGCTCTTATTCCCGGAAAC,4,EXACT_MATCH,N,,
SN118e1,TTATGATCCATAATAATTGCACCACATCCAACTGGGTATCTGTTTCATGCTCTTATTCCCGGAAAC,1,NOT_EXACT,N,1bp deletion,
SN12,CAAGCGTGGAAATTTCCTTCAGTTTTCTTGCACAGCTGAATAGTTGTTCTTTACTTTTATATCATCCA,1,EXACT_MATCH,N,,
SN121,CATTATTTGCTAACGGTATCCCATTTTACCCCGCAGTATTATATTCCATTATTCCCCAGCATTAATC,5,EXACT_MATCH,N,,
SN121e1,CATTATTTGCTAACGGTATCCCATTTTACCCCGCAGTATTATATTCCATTATTCCCCAGATTAATC,1,NOT_EXACT,Y,1bp deletion,
SN122,TTGTTTCCAACAAGCAGGAATGGAATGCTACCAGCTGTGGTTGAGTCTACACCTTTCACTCGTAAGATT,11,EXACT_MATCH,N,,
SN123,AGGAAAATCGGAATGCACAGACAGATAAAACACAGCTGTACCGGAAATGTCAGTATAAAAATAACAAA,4,EXACT_MATCH,N,,
SN124,ATTTATTCCTACATTTCCCAAGGATCAAAAACTGCGGTTCAAAATGTTTGATGCACATCACATTGTT,7,EXACT_MATCH,N,,
SN125,GTTCAGGATTGTCACTACAGCTAGAGTTCACCGCTGTGATACATTGGTAGCATCCATTGATAAGGTGC,2,EXACT_MATCH,N,,
SN125e1,GTTCAGGTTGTCACTACAGCTAGAGTTCACCGCTGTGATACATTGGTAGCATCCATTGATAAGGTGC,1,NOT_EXACT,N,1bp deletion,
SN127,GCAATTAGTTTCCTTGTTTACGGAACAAACGACTGCGGGGGTGCGAATTGTGACGTCATCAATCAAAC,5,EXACT_MATCH,N,,
SN127+A,GGAGTTCAGAACCAGCCTCAATTAGTTTCCTTGTTTACGGAACAAACGACTGCGGGGGTGCGAATTGTGACGTCATCAATCAAAC,1,NOT_EXACT,Y,,
SN128,AAAACGAAAGTAGTTCCTGATTACAAATTCCCGCAGTAAGCATTTCCATAAATAGGCAACCACATAG,17,EXACT_MATCH,N,,
SN129,GCCATGGATTGCATGATAGCTGTAAGGAATGACTGCGGATTGAACAAACCACCGAGCCAAACAACATT,6,EXACT_MATCH,N,,
SN12e1,CAAGCGTGGAAATTTCCTTCAGTTTTCTTGCACAGCTGAATAGTTGTTCTTTACTTTTAATATCATCCA,1,NOT_EXACT,N,1bp insertion,
SN14,TGCCTCCGGGTGCTTTTAGGTATAAATGCTACTGCGGTAAAAGGATGAAACTTTAGATGGAAAATGC,1,EXACT_MATCH,N,,
SN15,AGAGCAAGTCCGGGCATCCCACTTCCGCATCCAGCTGTGCTGAGATCCTCTCTGTGCTCTTCTTTAAAG,12,EXACT_MATCH,N,,
SN16,ATAAGCAAGTACGAGGTGCGTGGAACAGAACAGCTGTGTTATAATGACTACCCCATCACACAAGGATA,3,EXACT_MATCH,N,,
SN17,AAAAGGAATCTGATTTATCTGGCATCGCCTCCAGCTGTGTTCGTCTTCTCTTCCTAATCTCCTGGATGT,1,EXACT_MATCH,N,,
SN18,ACAGTTGCATGGTTGGCATGATCCACCATACACAGCTGGGTTTCCAAAGTAGCCGGATGCACACAGTT,8,EXACT_MATCH,N,,
SN19,TAAACGGTAATTAAACGGATTGGAAAGTTCACTGCGGGCACGGCAATCCAAACATACATTAAAATAT,6,EXACT_MATCH,N,,
SN1e1,TTACTTTAAAGTGTAAACACTGGATGCTTACACAGCTGTGCGGCACCCTATGTTGCCATTGTGGATAT,1,NOT_EXACT,N,1bp mm,
SN2,CCCCGGTATATTCACCGACAAATACGTAACGACTGCGGATCAAATTTCCATTCCTTCGCACATTTTTG,24,EXACT_MATCH,N,,
SN2+12e1,CCCCGGTATATTCACCGACAAATACGTAACGACTGCGGATCAAATTTCCATTCCTTCGCACATTTTTGGAAATTTCCTTCAGTTTTCTTGCACAGCTGAATAGTTGTTCTTTACTTTTATATCATCCA,1,NOT_EXACT,N,,
SN2+12e2,CCCCGGTATATTCACCGACAAATACGTAACGACTGCGGATCAAATTTCCATTCCTTCGCCCATTTTTGGAAATTTCCTTCAGTTTTCTTGCACAGCTGAATAGTTGTTCTTTACTTTTATATCATCCA,1,NOT_EXACT,N,,
SN2+A,GGAGTTCAGACGAGGAGAAACCAGCCTCCCCGGTATATTCACCGACAAATACGTAACGACTGCGGATCAAATTTCCATTCCTTCGCACATTTTTG,1,NOT_EXACT,Y,,
SN20,GCATCCTCTTGTCCTTCCAAAGGTGAAACACCGCAGTCTGCTATCATATCCAATTTGTCTTCGATTG,8,EXACT_MATCH,N,,
SN20e1+A,GGAGTTCAGACGAGGAGAAACCAGCCTGCATCCTCTTGTCCTTCCAAAGGTGAAACACCGCAGTCTGCTATCATATCCTTTGTCTTCGATTG,1,NOT_EXACT,Y,,
SN21,GAACTATGTGGTAACGGCATCCATCTTACCCCGCAGTATTATATCCTATTGTATAAATTGTAAGGGA,1,EXACT_MATCH,N,,
SN23,AATGTAGTTTGCTATTTCCATGCCACGTTACCGCAGTGGTGAATTCCTGCGATGCAAGATTAAAATC,4,EXACT_MATCH,N,,
SN23e1,AATGTAGTTTGCTATTTCCATGCCCGTTACCGCAGTGGTGAATTCCTGCGATGCAAGATTAAAATC,1,NOT_EXACT,N,1bp deletion,
SN24,CACGGAACATCCGCCGGAACTCGACCCGGTACTGCGGGTTCAGGAACCCGTACAACAACGGGTTCAA,2,EXACT_MATCH,N,,
SN27,ACGGCATGTGGACTGAATCTAGGATTTAAACACAGCTGACAGGATATTCAACATAATCCATAACATTT,2,EXACT_MATCH,N,,
SN27+A,GGAGTTCAGACGAGGAGAAACCAGCCTACGGCATGTGGACTGAATCTAGGATTTAAACACAGCTGACAGGATATTCAACATAATCCATAACATTT,1,NOT_EXACT,Y,,
SN28,AATGACCTTACTGAGAAGATCCAGAACCTCCACAGCTGAGTGCGACACTCCCCAATCCAAAACAGCAT,9,EXACT_MATCH,N,,
SN29,CCAACTATCCGATCCGATATCCGGAAAGAGCCCGCTGTGATTGGCTGATTCGGGCACCGAATGTTAATG,15,EXACT_MATCH,N,,
SN29+A,GGAGTTCAGACGAGGAGAAACCAGCCTCCAACTATCCGATCCGATATCCGGAAAGAGCCCGCTGTGATTGGCTGATTCGGGCACCGAATGTTAATG,1,NOT_EXACT,Y,,
SN2e1,CCCCGGTATATTCACCGACAAATACGTAACGACTGCGGATCAAATTTCCATTCTTTCGCACATTTTTG,2,NOT_EXACT,N,1bp mm,
SN2e2,CCCGGTATATTCACCGACAAATACGTAACGACTGCGGATCAAATTTCCATTCCTTCGCACATTTTTG,2,NOT_EXACT,N,1bp deletion,
SN3,TACAACCTATTTCCGGGATTCGAACCCAATACTGCGGATTACGTTTACAACAAATGGGAACCTAAGA,2,EXACT_MATCH,N,,
SN31+A,GGAGTTCAGACGAGGAGAAACCAGCCTTGTTGCCTGTGGATAAAGTTTGGAAGTTTAACTGCGGTATAATAACATAGGTTTACAAATAATAATA,2,NOT_EXACT,Y,,
SN32,TTTTACTTGGCATTTCCGGATTACGCCGGTACTGCGGCACCGGTATCCCCCATGATTGCTTGCGTCA,5,EXACT_MATCH,N,,
SN34,AATTCTCAAAGACAAACGAAGGAATAACCACCAGCTGTGCAATTCCAGCATTCCCTGTCGTTACATAAC,1,EXACT_MATCH,N,,
SN34+A,GGAGTTCAGACGAGGAGAAACCAGCCTAATTCTCAAAGACAAACGAAGGAATAACCACCAGCTGTGCAATTCCAGCATTCCCTGTCGTTACATAAC,1,NOT_EXACT,Y,,
SN37,CTGAAGATTTGAAATCCCATGGAAGTGAACCACAGCTGCCAACACTACAAGGATATGGAATATTTGGT,12,EXACT_MATCH,N,,
SN37+A,GGAGTTCAGACGAGGAGAAACCAGCCTCTGAAGATTTGAAATCCCATGGAAGTGAACCACAGCTGCCAACACTACAAGGATATGGAATATTTGGT,2,NOT_EXACT,Y,,
SN38,CGAAGTGGATCCAACCAGCCCAATAAATGACCGCAGTTGGTTCCTGGACCGTTGCATAAATCTCCCT,5,EXACT_MATCH,N,,
SN4,TTTTACATTTATTTAAAATCCAAATTTTCCCACAGCTGAATGAAATTACAAAAAATAAAATAAATAAA,5,EXACT_MATCH,N,,
SN41,TATTTTTGACGGATAATCCGGCCCGGGTAACCGCAGTAACCTCAAGAATTTCGAGGTATTGAGTTCG,5,EXACT_MATCH,N,,
SN42,CAGTTGCAAAGTAAGACATAGGAATATAGTACTGCGGGGTAAAATGGGATACTGTTTGAACCCAATT,9,EXACT_MATCH,N,,
SN43,TCCAGGATGATATCAACATCATCTCCCCATCCAGCTGTGTCTTCATCAATATCAACATCCGCAGCAAGT,4,EXACT_MATCH,N,,
SN44,AAAGTCATACGATGGATGACATGCTCCGCAACTGCGGAAATCCGTGGTCACACGGAAGTCAAGCGTC,1,EXACT_MATCH,N,,
SN47,CTTTGATCCAGGCGAGGACTTTTGCTTCTCGACTGCGGGGAATTCCCAGAGTACTGTCGCTTGCTGTT,15,EXACT_MATCH,N,,
SN50,ACGAACCTTTATAAACACTATTCAAACAAAACTGCGGAACCGGAACGGTGGATTTACCAAATGATTC,6,EXACT_MATCH,N,,
SN51,AGCTTCTGCGGGATTTCAGGCGTTGATCTCCCGCAGTGGGTTTATCCTTTCACCGCCGTTGTTCTGC,2,EXACT_MATCH,N,,
SN52,GTTGTTCCCCGATTGGGAAAGAGGAAGCAACAGCTGTGTTCTCCAAAGCTGAGTTAATCTAAAAAAAT,7,EXACT_MATCH,N,,
SN53,CAGGCACACAAGTGAGACAAAGGTTCCACAACTGCGGATTGCAACCGGATGCTGAATCACGACCTTG,10,EXACT_MATCH,N,,
SN53e1,CAGGCACACAAGTGAGACAAAGGTTCCACAACTGCGGATTGCAACCGGATGCTGATCACGACCTTG,1,NOT_EXACT,N,1bp deletion,
SN54,AGTGTAACTTCCTGTGTTTCATTTTCCTCCACTGCGGTATTCTCTTGTGTTTCCAAATTGTTTTGGT,3,EXACT_MATCH,N,,
SN54e1,AGTGTAACTTCCTGTGTTTATTTTCCTCCACTGCGGTATTCTCTTGTGTTTCCAAATTGTTTTGGT,1,NOT_EXACT,N,1bp deletion,
SN55,AGACCGGATATAATTAATTTGCTTTCCTTTCACAGCTGTCTAACCGTGCACGAATGTCTGTAGAATCG,3,EXACT_MATCH,N,,
SN55+A,GGAGTTCAGACGAGGAGAAACCAGCCTAGACCGGATATAATTAATTTGCTTTCCTTTCACAGCTGTCTAACCGTGCACGAATGTCTGTAGAATCG,1,NOT_EXACT,Y,,
SN56,GCATCCTTTTTTAACAAGCAGCTATCTTTACCGCAGTCGTAACAATCCCCACACTGCAAGTGTGAAT,14,EXACT_MATCH,N,,
SN56e1,GCATCCTTTTTTAACAAGCAGCTATCTTTACCGCAGTCGTAACAATCCCTACACTGCAAGTGTGAAT,1,NOT_EXACT,N,1bp mm,
SN57,CTTCTTTACACAGAAGATGGTTTAGACTTCACTGCGGAACGAACCGGTGGAATAACTGCACATATCC,18,EXACT_MATCH,N,,
SN59,CTAATTTGCATACGGAACTTATCCTTATATCCGCAGTGGCTTTAAGAAAATTTTCACGGTTGTGCTT,2,EXACT_MATCH,N,,
SN6,GCGGGGGGGAATAGCCCGGGAGGAATGGTCACTGCGGGGAAATAGCCGGGGGGATAGTCACGGTGAG,2,EXACT_MATCH,N,,
SN60,GTTAGGGGTTTCCCCGCTTGGTTAGTTTTCACTGCGGGGGATTTCCTGAGTACGTCACGGAAATCTT,1,EXACT_MATCH,N,,
SN61,ACTTTTAATTCCATTTTTTCAGATGTAACTACTGCGGCTTCAAGGATGAATGGGGTGGTTTTGGAAG,16,EXACT_MATCH,N,,
SN62,GCGAAGGAAATGCGGGACTTTGATCAAAGACCGCTGTGAGCGTTGTCGCGCGTTTGGCCCAGGAAACT,1,EXACT_MATCH,N,,
SN63,AGGAATGATTGACAGTCCATGAAACTGTATCCGCAGTTACGCAGCATTCTTAATGTTCTTGGTTTCC,1,EXACT_MATCH,N,,
SN64,CTTCGTCTGATCCAGCAACGAAAGCGATCTGACTGCGGTCCTATCCCATCCTATGTCGTGACATGTTG,20,EXACT_MATCH,N,,
SN66,CTTTTGCAGATATTAATACTGGATGAGCCAACTGCGGGCATGGATCCCTATTCACGACATAAACTAT,23,EXACT_MATCH,N,,
SN67,CTTTTGCAGATATTAATACTGGATGAGCCAACTGCGGGCATGGATCCTTATTCACGACATAAACTAT,27,EXACT_MATCH,N,,
SN67e1,CTTTTGCAGATATTAATACTGGATGGAGCCAACTGCGGGCATGGATCCTTATTCACGACATAAACTAT,2,NOT_EXACT,N,1bp insertion,
SN67e2,CTTTTGCAGTATTAATACTGGATGAGCCAACTGCGGGCATGGATCCTTATTCACGACATAAACTAT,5,NOT_EXACT,N,1bp deletion,
SN68,TCTCTCCCGTGCATAAAGCGCGGAAGTTCTCCGCAGTTTTTGGGACGACGTCCTTACGTAATTCCAT,6,EXACT_MATCH,N,,
SN69,ATCAAACCCGGAACCCATGAGGATATCAACGACTGCGGGACTTGGGAACTTGGTGACTGGGTAGCGAC,7,EXACT_MATCH,N,,
SN69e1,ATCAAACCCGGAACCCATGAGGATATCAACGACTGCGGGACTTGGGAACTTGGTGACTGGGTAGAC,1,NOT_EXACT,N,2bp deletion,
SN7,AACCGCAGGAAGTCCGCTCTAAATGTTCTCACTGCGGTTAATTCCTCTAGACCTCTAACTTATCATA,3,EXACT_MATCH,N,,
SN70,CGCGCCAGGGAAAACTGCCGGGAAAATACAACTGCGGACCAGATTTTTGTTTTTTACATGCCTGTTC,3,EXACT_MATCH,N,,
SN71,AAGGATCTTGTTAAAATCGTGTATTGTTTAACTGCGGTACAGGAATTCTGGGTTATTTATGTAATTT,3,EXACT_MATCH,N,,
SN73,GTTAAACGCCCCCATAATGCAGGGCCCTAGCCGCTGTGCTTTCCGGCCGCCGTTGCTCGTTTTTCCAT,6,EXACT_MATCH,N,,
SN74,AACTTCCTGTGCAGCCTCGCTCTCTTGTTTCACAGCTGCTGTTGGCTGGGTATCCTTTGTTTCTTCAG,9,EXACT_MATCH,N,,
SN75,GCGTCCAGTACTCCGATGCGTTTCCCAGTTCCGCAGTTGATGGTTCCAGTCGAATGTTCGCAGATTA,1,EXACT_MATCH,N,,
SN77,AACCCGGATGTCTCGGCCTTATTCCTTTGAACTGCGGCCGGTGACCCTTTGGATCCTGAATCCGTTT,6,EXACT_MATCH,N,,
SN77+A,GGAGTTCAGACGAGGAGAAACCAGCCTAACCCGGATGTCTCGGCCTTATTCCTTTGAACTGCGGCCGGTGACCCTTTGGATCCTGAATCCGTTT,2,NOT_EXACT,Y,,
SN78,GCTTCTCCGGGTTAAACAACGGATGGTTGAACTGCGGGTCTGTCCCGTATACATCCAACACCCGTAA,2,EXACT_MATCH,N,,
SN79,TATTATGTTCTAAAAGTGTCCCAACTTCCCCCGCAGTACTATACATACATTATTTCCGGCGATACCA,1,EXACT_MATCH,N,,
SN8,TCACAATCCTGTATTCCATCACAAAACTGTCCAGCTGTGAGGCATTTTCCGGATTTGCACCTGGGTTTT,2,EXACT_MATCH,N,,
SN80,ATACTGATCCGGATGAAATTTTGTGCTCCGGACTGCGGCAGGAGTTGGTACTCCTATATCAAAAGGTC,2,EXACT_MATCH,N,,
SN81,ACGACAAGGTTCCTCAAAAACGGAATTTTAACTGCGGCGGAATAAAAAATAATAATAATAACTTTTT,1,EXACT_MATCH,N,,
SN82,ACTTCCAAGGAAGCAATTTAGGAAATGTGACACAGCGGAAGAAACGCTGCATTGGTCAACGTTCTGTA,1,EXACT_MATCH,N,,
SN84,AGTGACTTATCCATGGTTGCCACTCCCATGCCCGCAGTCAGATTACTGGAGCTCTTGCAATGTGTGGAT,5,EXACT_MATCH,N,,
SN85,TGTTTTTGGAAATTTGGACAAACTATATCCCCGCAGTAATTATGTAATGTTTGAAGTTAACATTATT,4,EXACT_MATCH,N,,
SN86,AAATAGTGATGACGTGTCACCTGTCCCACACACAGCTGCTGAACGGAAAAATGGAAGACAAGATGCTG,2,EXACT_MATCH,N,,
SN87,TATTTTTCCTCAGTGGAAATCCCGACATTACCGCAGTTATTTTTACCCGTACCATGGATGCCCGTAC,1,EXACT_MATCH,N,,
SN87+A,GGAGTTCAGACGAGGAGAAACCAGCCTTATTTTTCCTCAGTGGAAATCCCGACATTACCGCAGTTATTTTTACCCGTACCATGGATGCCCGTAC,1,NOT_EXACT,Y,,
SN88,GAGAATCGGACTGAACAACATCCAGAAGGAACTGCGGTTGGACGAGCGGAAGTCTGACGTGTTCCAG,1,EXACT_MATCH,N,,
SN9,CTGAGAGGAATTTACTAGGTTTCTAGAAGACAGCTGTGACTTAATTCCTCTGTGGTTTTGTATTTGCC,2,EXACT_MATCH,N,,
SN90,CCGATGCCCGGAATATAAGCTCGCCGACTTCAGCTGTGGAAATTAACACAACATCGGGAATTGATATG,7,EXACT_MATCH,N,,
SN90e1,CCGATGCCCGGAATATAAGCTCGCCGACTTCAGCTGTGGAAATTAACCATCGGGAATTGATATG,3,NOT_EXACT,N,4bp deletion,
SN91,CCCATGGGAGCCTGGATTAGTGGAAAGTCCCACAGCGGGGTTAGGCATATACATTCTTTGGAAAATTAT,11,EXACT_MATCH,N,,
SN91e1,CCCATGGGAGCCTGGATTAGTGGAAAGTCCCACAGCGGGGTTAGGCATATACATTCTTTGGAAAAATTAT,1,NOT_EXACT,N,1bp insertion,
SN91e2,CCCATGGGAGCCTGGATTAGTGGAAATCCCACAGCGGGGTTAGGCATATACATTCTTTGGAAAATTAT,1,NOT_EXACT,N,1bp deletion,
SN92,GCCTACATCCTACGACCCAAGGAATGCCACACTGCGGGACCTCACCCACATAGAATAGAATGGGTAT,17,EXACT_MATCH,N,,
SN92+A,GGAGTTCAGACGAGGAGAAACCAGCCTGCCTACATCCTACGACCCAAGGAATGCCACACTGCGGGACCTCACCCACATAGAATAGAATGGGTAT,1,NOT_EXACT,Y,,
SN94,CTCACTTACCAGTCCACTACATACAGAGAGCACAGCTGTGTGTTCCGGCCGTTCATTTACATATCCGG,12,EXACT_MATCH,N,,
SN94+A,GGAGTTCAGACGAGGAGAAACCAGCCTCTCACTTACCAGTCCACTACATACAGAGAGCACAGCTGTGTGTTCCGGCCGTTCATTTACATATCCGG,1,NOT_EXACT,Y,,
SN95,CTTCAAACTTGTCCGAATCATCCGTTGTGTCCGCTGTGTCAATCGCTTCCAACTCCCAAACCTGAACG,7,EXACT_MATCH,N,,
SN95e1,CTTCAAACCCGAATCATCCGTTGTGTCCGCTGTGTCAATCGCTTCCAACTCCCAAACCTGAACG,1,NOT_EXACT,N,3bp deletion,
SN95e2,CTTCAAACTTGTCCGAATCATCCGTTGTGTCCGCTGTGTCAATCGTTCCAACTCCCAAACCTGAACG,1,NOT_EXACT,N,1bp deletion,
SN96,ATGTTATGTTCTAACGGTATCCATCTCACACCGCAGTTCTATACACCATTCAGAATATAGCTGGAAT,9,EXACT_MATCH,N,,
SN96e1,ATGTTATGTTCTAACGGTATCCATCTCACACGTTCTATACACCATTCAGAATATAGCTGGAAT,1,NOT_EXACT,N,4bp deletion,
SN97,ATCCACACACTGCAATAGCTTCAGCAACTCGACTGCGGGCATGGGAGTGGCAACCATGGATAAGTCAC,14,EXACT_MATCH,N,,
SN99,GTTTTGGATCTTCCATTAATAAATCATCAACCGCAGTGAGAATGTAACGAACAGTTTGTTCTTTTGA,2,EXACT_MATCH,N,,
SN99e1,GTTTTGGATCTTCCATTAATAAATCATCACCGCAGTGAGAATGTAACGAACAGTTTGTTCTTTTGA,3,NOT_EXACT,N,1bp deletion,
SN99e2,GTTTTGGATCTTCTATTAATAAATCATCAACCGCAGTGAGAATGTAACGAACAGTTTGTTCTTTTGA,2,NOT_EXACT,N,1bp mm,